{"type": "FeatureCollection", "name": "descriptive commune snapshot — real data, NOT model scores", "generated_on": "2026-07-27", "features": [{"type": "Feature", "geometry": {"type": "Point", "coordinates": [3.294662, 43.449346]}, "properties": {"unit_id": "34001", "vintage": 2024, "median_price_m2": 2708.48, "annual_transactions": 14, "population": 1818.0, "working_age_share": 0.54, "vacancy_rate": 8.03, "known_as_of": "2026-05-18", "location_note": "median of geocoded transactions, not the official centroid"}}, {"type": "Feature", "geometry": {"type": "Point", "coordinates": [3.427805, 43.534395]}, "properties": {"unit_id": "34002", "vintage": 2024, "median_price_m2": 3001.39, "annual_transactions": 16, "population": 1324.0, "working_age_share": 0.55, "vacancy_rate": 12.56, "known_as_of": "2026-05-18", "location_note": "median of geocoded transactions, not the official centroid"}}, {"type": "Feature", "geometry": {"type": "Point", "coordinates": [3.5009, 43.286097]}, "properties": {"unit_id": "34003", "vintage": 2024, "median_price_m2": 3745.5, "annual_transactions": 1863, "population": 29103.0, "working_age_share": 0.45, "vacancy_rate": 2.16, "known_as_of": "2026-05-18", "location_note": "median of geocoded transactions, not the official centroid"}}, {"type": "Feature", "geometry": {"type": "Point", "coordinates": [2.852656, 43.337994]}, "properties": {"unit_id": "34004", "vintage": 2024, "median_price_m2": 770.72, "annual_transactions": 4, "population": 248.0, "working_age_share": 0.41, "vacancy_rate": 14.12, "known_as_of": "2026-05-18", "location_note": "median of geocoded transactions, not the official centroid"}}, {"type": "Feature", "geometry": {"type": "Point", "coordinates": [3.727979, 43.891842]}, "properties": {"unit_id": "34005", "vintage": 2024, "median_price_m2": 2842.11, "annual_transactions": 5, "population": 304.0, "working_age_share": 0.54, "vacancy_rate": 0.65, "known_as_of": "2026-05-18", "location_note": "median of geocoded transactions, not the official centroid"}}, {"type": "Feature", "geometry": {"type": "Point", "coordinates": [2.797067, 43.331619]}, "properties": {"unit_id": "34006", "vintage": 2024, "median_price_m2": 2315.79, "annual_transactions": 5, "population": 288.0, "working_age_share": 0.43, "vacancy_rate": 4.44, "known_as_of": "2026-05-18", "location_note": "median of geocoded transactions, not the official centroid"}}, {"type": "Feature", "geometry": {"type": "Point", "coordinates": [2.818632, 43.3386905]}, "properties": {"unit_id": "34007", "vintage": 2024, "median_price_m2": 1569.38, "annual_transactions": 13, "population": 467.0, "working_age_share": 0.48, "vacancy_rate": 7.06, "known_as_of": "2026-05-18", "location_note": "median of geocoded transactions, not the official centroid"}}, {"type": "Feature", "geometry": {"type": "Point", "coordinates": [3.090013, 43.581306]}, "properties": {"unit_id": "34008", "vintage": 2024, "median_price_m2": 2108.81, "annual_transactions": 8, "population": 608.0, "working_age_share": 0.52, "vacancy_rate": 7.16, "known_as_of": "2026-05-18", "location_note": "median of geocoded transactions, not the official centroid"}}, {"type": "Feature", "geometry": {"type": "Point", "coordinates": [3.341743, 43.47007]}, "properties": {"unit_id": "34009", "vintage": 2024, "median_price_m2": 2443.21, "annual_transactions": 26, "population": 1757.0, "working_age_share": 0.49, "vacancy_rate": 7.47, "known_as_of": "2026-05-18", "location_note": "median of geocoded transactions, not the official centroid"}}, {"type": "Feature", "geometry": {"type": "Point", "coordinates": [3.586027, 43.684627]}, "properties": {"unit_id": "34010", "vintage": 2024, "median_price_m2": 2293.91, "annual_transactions": 58, "population": 2943.0, "working_age_share": 0.53, "vacancy_rate": 10.42, "known_as_of": "2026-05-18", "location_note": "median of geocoded transactions, not the official centroid"}}, {"type": "Feature", "geometry": {"type": "Point", "coordinates": [3.485501, 43.71077]}, "properties": {"unit_id": "34011", "vintage": 2024, "median_price_m2": 2458.56, "annual_transactions": 2, "population": 107.0, "working_age_share": 0.62, "vacancy_rate": 7.47, "known_as_of": "2026-05-18", "location_note": "median of geocoded transactions, not the official centroid"}}, {"type": "Feature", "geometry": {"type": "Point", "coordinates": [3.6736725, 43.700238999999996]}, "properties": {"unit_id": "34012", "vintage": 2024, "median_price_m2": 2911.54, "annual_transactions": 10, "population": 970.0, "working_age_share": 0.57, "vacancy_rate": 14.71, "known_as_of": "2026-05-18", "location_note": "median of geocoded transactions, not the official centroid"}}, {"type": "Feature", "geometry": {"type": "Point", "coordinates": [3.450426, 43.5663895]}, "properties": {"unit_id": "34013", "vintage": 2024, "median_price_m2": 2458.87, "annual_transactions": 29, "population": 1676.0, "working_age_share": 0.52, "vacancy_rate": 11.44, "known_as_of": "2026-05-18", "location_note": "median of geocoded transactions, not the official centroid"}}, {"type": "Feature", "geometry": {"type": "Point", "coordinates": [3.8957485, 43.7033605]}, "properties": {"unit_id": "34014", "vintage": 2024, "median_price_m2": 4614.51, "annual_transactions": 11, "population": 1455.0, "working_age_share": 0.49, "vacancy_rate": 8.43, "known_as_of": "2026-05-18", "location_note": "median of geocoded transactions, not the official centroid"}}, {"type": "Feature", "geometry": {"type": "Point", "coordinates": [2.889078, 43.3970685]}, "properties": {"unit_id": "34015", "vintage": 2024, "median_price_m2": 2624.64, "annual_transactions": 4, "population": 162.0, "working_age_share": 0.44, "vacancy_rate": 9.48, "known_as_of": "2026-05-18", "location_note": "median of geocoded transactions, not the official centroid"}}, {"type": "Feature", "geometry": {"type": "Point", "coordinates": [3.599744, 43.601441]}, "properties": {"unit_id": "34016", "vintage": 2024, "median_price_m2": 2004.37, "annual_transactions": 5, "population": 557.0, "working_age_share": 0.53, "vacancy_rate": 9.5, "known_as_of": "2026-05-18", "location_note": "median of geocoded transactions, not the official centroid"}}, {"type": "Feature", "geometry": {"type": "Point", "coordinates": [3.4631345, 43.465908]}, "properties": {"unit_id": "34017", "vintage": 2024, "median_price_m2": 1857.86, "annual_transactions": 10, "population": 501.0, "working_age_share": 0.52, "vacancy_rate": 10.11, "known_as_of": "2026-05-18", "location_note": "median of geocoded transactions, not the official centroid"}}, {"type": "Feature", "geometry": {"type": "Point", "coordinates": [3.168403, 43.498834]}, "properties": {"unit_id": "34018", "vintage": 2024, "median_price_m2": 1769.32, "annual_transactions": 18, "population": 942.0, "working_age_share": 0.52, "vacancy_rate": 2.78, "known_as_of": "2026-05-18", "location_note": "median of geocoded transactions, not the official centroid"}}, {"type": "Feature", "geometry": {"type": "Point", "coordinates": [3.100495, 43.757067]}, "properties": {"unit_id": "34019", "vintage": 2024, "median_price_m2": 1926.59, "annual_transactions": 12, "population": 288.0, "working_age_share": 0.47, "vacancy_rate": 7.23, "known_as_of": "2026-05-18", "location_note": "median of geocoded transactions, not the official centroid"}}, {"type": "Feature", "geometry": {"type": "Point", "coordinates": [2.737076, 43.3243825]}, "properties": {"unit_id": "34020", "vintage": 2024, "median_price_m2": 1396.67, "annual_transactions": 6, "population": 355.0, "working_age_share": 0.48, "vacancy_rate": 16.98, "known_as_of": "2026-05-18", "location_note": "median of geocoded transactions, not the official centroid"}}, {"type": "Feature", "geometry": {"type": "Point", "coordinates": [2.90983, 43.436006]}, "properties": {"unit_id": "34021", "vintage": 2024, "median_price_m2": 1571.43, "annual_transactions": 7, "population": 305.0, "working_age_share": 0.47, "vacancy_rate": 6.89, "known_as_of": "2026-05-18", "location_note": "median of geocoded transactions, not the official centroid"}}, {"type": "Feature", "geometry": {"type": "Point", "coordinates": [4.0135955, 43.661022]}, "properties": {"unit_id": "34022", "vintage": 2024, "median_price_m2": 3896.1, "annual_transactions": 95, "population": 7735.0, "working_age_share": 0.58, "vacancy_rate": 5.44, "known_as_of": "2026-05-18", "location_note": "median of geocoded transactions, not the official centroid"}}, {"type": "Feature", "geometry": {"type": "Point", "coordinates": [3.677956, 43.441669]}, "properties": {"unit_id": "34023", "vintage": 2024, "median_price_m2": 4192.86, "annual_transactions": 233, "population": 7073.0, "working_age_share": 0.48, "vacancy_rate": 1.16, "known_as_of": "2026-05-18", "location_note": "median of geocoded transactions, not the official centroid"}}, {"type": "Feature", "geometry": {"type": "Point", "coordinates": [3.686776, 43.46]}, "properties": {"unit_id": "34024", "vintage": 2024, "median_price_m2": 3653.6, "annual_transactions": 23, "population": 2719.0, "working_age_share": 0.53, "vacancy_rate": 1.16, "known_as_of": "2026-05-18", "location_note": "median of geocoded transactions, not the official centroid"}}, {"type": "Feature", "geometry": {"type": "Point", "coordinates": [3.253946, 43.410933]}, "properties": {"unit_id": "34025", "vintage": 2024, "median_price_m2": 2343.79, "annual_transactions": 44, "population": 2287.0, "working_age_share": 0.5, "vacancy_rate": 5.0, "known_as_of": "2026-05-18", "location_note": "median of geocoded transactions, not the official centroid"}}, {"type": "Feature", "geometry": {"type": "Point", "coordinates": [2.759041, 43.2983955]}, "properties": {"unit_id": "34026", "vintage": 2024, "median_price_m2": 3040.49, "annual_transactions": 2, "population": 218.0, "working_age_share": 0.4, "vacancy_rate": 12.71, "known_as_of": "2026-05-18", "location_note": "median of geocoded transactions, not the official centroid"}}, {"type": "Feature", "geometry": {"type": "Point", "coordinates": [4.024489, 43.728062]}, "properties": {"unit_id": "34027", "vintage": 2024, "median_price_m2": 4065.16, "annual_transactions": 18, "population": 2213.0, "working_age_share": 0.58, "vacancy_rate": 5.52, "known_as_of": "2026-05-18", "location_note": "median of geocoded transactions, not the official centroid"}}, {"type": "Feature", "geometry": {"type": "Point", "coordinates": [3.158508, 43.615891]}, "properties": {"unit_id": "34028", "vintage": 2024, "median_price_m2": 1066.96, "annual_transactions": 144, "population": 5778.0, "working_age_share": 0.47, "vacancy_rate": 20.05, "known_as_of": "2026-05-18", "location_note": "median of geocoded transactions, not the official centroid"}}, {"type": "Feature", "geometry": {"type": "Point", "coordinates": [3.488107, 43.552299]}, "properties": {"unit_id": "34029", "vintage": 2024, "median_price_m2": 3060.54, "annual_transactions": 14, "population": 668.0, "working_age_share": 0.52, "vacancy_rate": 12.13, "known_as_of": "2026-05-18", "location_note": "median of geocoded transactions, not the official centroid"}}, {"type": "Feature", "geometry": {"type": "Point", "coordinates": [2.9560370000000002, 43.490337]}, "properties": {"unit_id": "34030", "vintage": 2024, "median_price_m2": 1556.81, "annual_transactions": 2, "population": 219.0, "working_age_share": 0.44, "vacancy_rate": 8.12, "known_as_of": "2026-05-18", "location_note": "median of geocoded transactions, not the official centroid"}}, {"type": "Feature", "geometry": {"type": "Point", "coordinates": [3.424804, 43.361411]}, "properties": {"unit_id": "34031", "vintage": 2024, "median_price_m2": 2680.75, "annual_transactions": 59, "population": 5572.0, "working_age_share": 0.52, "vacancy_rate": 6.88, "known_as_of": "2026-05-18", "location_note": "median of geocoded transactions, not the official centroid"}}, {"type": "Feature", "geometry": {"type": "Point", "coordinates": [3.219866, 43.343996]}, "properties": {"unit_id": "34032", "vintage": 2024, "median_price_m2": 2142.86, "annual_transactions": 1725, "population": 80341.0, "working_age_share": 0.52, "vacancy_rate": 15.33, "known_as_of": "2026-05-18", "location_note": "median of geocoded transactions, not the official centroid"}}, {"type": "Feature", "geometry": {"type": "Point", "coordinates": [4.08279, 43.756894]}, "properties": {"unit_id": "34033", "vintage": 2024, "median_price_m2": 3292.68, "annual_transactions": 23, "population": 2153.0, "working_age_share": 0.53, "vacancy_rate": 7.3, "known_as_of": "2026-05-18", "location_note": "median of geocoded transactions, not the official centroid"}}, {"type": "Feature", "geometry": {"type": "Point", "coordinates": [2.703583, 43.401531]}, "properties": {"unit_id": "34034", "vintage": 2024, "median_price_m2": 280.0, "annual_transactions": 1, "population": 39.0, "working_age_share": 0.44, "vacancy_rate": 2.38, "known_as_of": "2026-05-18", "location_note": "median of geocoded transactions, not the official centroid"}}, {"type": "Feature", "geometry": {"type": "Point", "coordinates": [3.645369, 43.659636]}, "properties": {"unit_id": "34035", "vintage": 2024, "median_price_m2": 3796.43, "annual_transactions": 13, "population": 1038.0, "working_age_share": 0.56, "vacancy_rate": 4.36, "known_as_of": "2026-05-18", "location_note": "median of geocoded transactions, not the official centroid"}}, {"type": "Feature", "geometry": {"type": "Point", "coordinates": [3.4011715000000002, 43.695185499999994]}, "properties": {"unit_id": "34036", "vintage": 2024, "median_price_m2": 2443.9, "annual_transactions": 15, "population": 1376.0, "working_age_share": 0.54, "vacancy_rate": 7.94, "known_as_of": "2026-05-18", "location_note": "median of geocoded transactions, not the official centroid"}}, {"type": "Feature", "geometry": {"type": "Point", "coordinates": [3.248223, 43.370764]}, "properties": {"unit_id": "34037", "vintage": 2024, "median_price_m2": 2410.35, "annual_transactions": 37, "population": 3452.0, "working_age_share": 0.48, "vacancy_rate": 6.21, "known_as_of": "2026-05-18", "location_note": "median of geocoded transactions, not the official centroid"}}, {"type": "Feature", "geometry": {"type": "Point", "coordinates": [3.1658175, 43.692817]}, "properties": {"unit_id": "34038", "vintage": 2024, "median_price_m2": 969.4, "annual_transactions": 29, "population": 1584.0, "working_age_share": 0.43, "vacancy_rate": 18.03, "known_as_of": "2026-05-18", "location_note": "median of geocoded transactions, not the official centroid"}}, {"type": "Feature", "geometry": {"type": "Point", "coordinates": [3.658175, 43.449]}, "properties": {"unit_id": "34039", "vintage": 2024, "median_price_m2": 3495.15, "annual_transactions": 23, "population": 1626.0, "working_age_share": 0.49, "vacancy_rate": 4.42, "known_as_of": "2026-05-18", "location_note": "median of geocoded transactions, not the official centroid"}}, {"type": "Feature", "geometry": {"type": "Point", "coordinates": [3.256523, 43.653238]}, "properties": {"unit_id": "34040", "vintage": 2024, "median_price_m2": 2197.4, "annual_transactions": 1, "population": 56.0, "working_age_share": 0.41, "vacancy_rate": 3.26, "known_as_of": "2026-05-18", "location_note": "median of geocoded transactions, not the official centroid"}}, {"type": "Feature", "geometry": {"type": "Point", "coordinates": [3.4716835, 43.623509]}, "properties": {"unit_id": "34041", "vintage": 2024, "median_price_m2": 2380.9, "annual_transactions": 10, "population": 965.0, "working_age_share": 0.58, "vacancy_rate": 7.63, "known_as_of": "2026-05-18", "location_note": "median of geocoded transactions, not the official centroid"}}, {"type": "Feature", "geometry": {"type": "Point", "coordinates": [3.701945, 43.877498]}, "properties": {"unit_id": "34042", "vintage": 2024, "median_price_m2": 1555.56, "annual_transactions": 7, "population": 599.0, "working_age_share": 0.54, "vacancy_rate": 2.85, "known_as_of": "2026-05-18", "location_note": "median of geocoded transactions, not the official centroid"}}, {"type": "Feature", "geometry": {"type": "Point", "coordinates": [4.004068, 43.770456499999995]}, "properties": {"unit_id": "34043", "vintage": 2024, "median_price_m2": 4385.0, "annual_transactions": 1, "population": 368.0, "working_age_share": 0.63, "vacancy_rate": 5.55, "known_as_of": "2026-05-18", "location_note": "median of geocoded transactions, not the official centroid"}}, {"type": "Feature", "geometry": {"type": "Point", "coordinates": [3.1388315, 43.531652]}, "properties": {"unit_id": "34044", "vintage": 2024, "median_price_m2": 1457.38, "annual_transactions": 7, "population": 337.0, "working_age_share": 0.56, "vacancy_rate": 9.0, "known_as_of": "2026-05-18", "location_note": "median of geocoded transactions, not the official centroid"}}, {"type": "Feature", "geometry": {"type": "Point", "coordinates": [3.36173, 43.576583]}, "properties": {"unit_id": "34045", "vintage": 2024, "median_price_m2": 2349.51, "annual_transactions": 7, "population": 551.0, "working_age_share": 0.54, "vacancy_rate": 6.34, "known_as_of": "2026-05-18", "location_note": "median of geocoded transactions, not the official centroid"}}, {"type": "Feature", "geometry": {"type": "Point", "coordinates": [2.8585145, 43.6190275]}, "properties": {"unit_id": "34046", "vintage": 2024, "median_price_m2": 1302.5, "annual_transactions": 10, "population": 50.0, "working_age_share": 0.45, "vacancy_rate": 12.54, "known_as_of": "2026-05-18", "location_note": "median of geocoded transactions, not the official centroid"}}, {"type": "Feature", "geometry": {"type": "Point", "coordinates": [3.498258, 43.537476999999996]}, "properties": {"unit_id": "34047", "vintage": 2024, "median_price_m2": 2270.27, "annual_transactions": 13, "population": 724.0, "working_age_share": 0.54, "vacancy_rate": 11.7, "known_as_of": "2026-05-18", "location_note": "median of geocoded transactions, not the official centroid"}}, {"type": "Feature", "geometry": {"type": "Point", "coordinates": [3.11827, 43.67323]}, "properties": {"unit_id": "34049", "vintage": 2024, "median_price_m2": 1394.56, "annual_transactions": 6, "population": 221.0, "working_age_share": 0.42, "vacancy_rate": 15.57, "known_as_of": "2026-05-18", "location_note": "median of geocoded transactions, not the official centroid"}}, {"type": "Feature", "geometry": {"type": "Point", "coordinates": [4.0674195, 43.620237]}, "properties": {"unit_id": "34050", "vintage": 2024, "median_price_m2": 3384.31, "annual_transactions": 20, "population": 2107.0, "working_age_share": 0.61, "vacancy_rate": 4.2, "known_as_of": "2026-05-18", "location_note": "median of geocoded transactions, not the official centroid"}}, {"type": "Feature", "geometry": {"type": "Point", "coordinates": [3.490538, 43.603929]}, "properties": {"unit_id": "34051", "vintage": 2024, "median_price_m2": 2931.03, "annual_transactions": 41, "population": 3570.0, "working_age_share": 0.56, "vacancy_rate": 6.32, "known_as_of": "2026-05-18", "location_note": "median of geocoded transactions, not the official centroid"}}, {"type": "Feature", "geometry": {"type": "Point", "coordinates": [3.044649, 43.327668]}, "properties": {"unit_id": "34052", "vintage": 2024, "median_price_m2": 2448.75, "annual_transactions": 58, "population": 3318.0, "working_age_share": 0.51, "vacancy_rate": 9.83, "known_as_of": "2026-05-18", "location_note": "median of geocoded transactions, not the official centroid"}}, {"type": "Feature", "geometry": {"type": "Point", "coordinates": [3.2247440000000003, 43.632424]}, "properties": {"unit_id": "34053", "vintage": 2024, "median_price_m2": 3750.87, "annual_transactions": 3, "population": 120.0, "working_age_share": 0.5, "vacancy_rate": 7.22, "known_as_of": "2026-05-18", "location_note": "median of geocoded transactions, not the official centroid"}}, {"type": "Feature", "geometry": {"type": "Point", "coordinates": [2.619136, 43.389073]}, "properties": {"unit_id": "34054", "vintage": 2024, "median_price_m2": 1021.55, "annual_transactions": 2, "population": 110.0, "working_age_share": 0.55, "vacancy_rate": 9.26, "known_as_of": "2026-05-18", "location_note": "median of geocoded transactions, not the official centroid"}}, {"type": "Feature", "geometry": {"type": "Point", "coordinates": [2.9335934999999997, 43.673737]}, "properties": {"unit_id": "34055", "vintage": 2024, "median_price_m2": 1428.57, "annual_transactions": 6, "population": 225.0, "working_age_share": 0.5, "vacancy_rate": 10.98, "known_as_of": "2026-05-18", "location_note": "median of geocoded transactions, not the official centroid"}}, {"type": "Feature", "geometry": {"type": "Point", "coordinates": [3.439129, 43.435777]}, "properties": {"unit_id": "34056", "vintage": 2024, "median_price_m2": 2231.64, "annual_transactions": 13, "population": 1215.0, "working_age_share": 0.51, "vacancy_rate": 2.51, "known_as_of": "2026-05-18", "location_note": "median of geocoded transactions, not the official centroid"}}, {"type": "Feature", "geometry": {"type": "Point", "coordinates": [3.908297, 43.632656]}, "properties": {"unit_id": "34057", "vintage": 2024, "median_price_m2": 4104.48, "annual_transactions": 369, "population": 24888.0, "working_age_share": 0.59, "vacancy_rate": 5.3, "known_as_of": "2026-05-18", "location_note": "median of geocoded transactions, not the official centroid"}}, {"type": "Feature", "geometry": {"type": "Point", "coordinates": [3.985121, 43.6779545]}, "properties": {"unit_id": "34058", "vintage": 2024, "median_price_m2": 3848.49, "annual_transactions": 74, "population": 6523.0, "working_age_share": 0.55, "vacancy_rate": 4.66, "known_as_of": "2026-05-18", "location_note": "median of geocoded transactions, not the official centroid"}}, {"type": "Feature", "geometry": {"type": "Point", "coordinates": [2.781199, 43.352854]}, "properties": {"unit_id": "34059", "vintage": 2024, "median_price_m2": 1956.41, "annual_transactions": 7, "population": 319.0, "working_age_share": 0.46, "vacancy_rate": 6.99, "known_as_of": "2026-05-18", "location_note": "median of geocoded transactions, not the official centroid"}}, {"type": "Feature", "geometry": {"type": "Point", "coordinates": [3.648938, 43.80381]}, "properties": {"unit_id": "34060", "vintage": 2024, "median_price_m2": 3405.8, "annual_transactions": 5, "population": 429.0, "working_age_share": 0.52, "vacancy_rate": 8.25, "known_as_of": "2026-05-18", "location_note": "median of geocoded transactions, not the official centroid"}}, {"type": "Feature", "geometry": {"type": "Point", "coordinates": [3.086334, 43.473545]}, "properties": {"unit_id": "34061", "vintage": 2024, "median_price_m2": 2017.86, "annual_transactions": 15, "population": 625.0, "working_age_share": 0.5, "vacancy_rate": 6.84, "known_as_of": "2026-05-18", "location_note": "median of geocoded transactions, not the official centroid"}}, {"type": "Feature", "geometry": {"type": "Point", "coordinates": [3.367725, 43.50753]}, "properties": {"unit_id": "34063", "vintage": 2024, "median_price_m2": 2546.0, "annual_transactions": 36, "population": 2640.0, "working_age_share": 0.49, "vacancy_rate": 3.99, "known_as_of": "2026-05-18", "location_note": "median of geocoded transactions, not the official centroid"}}, {"type": "Feature", "geometry": {"type": "Point", "coordinates": [3.318433, 43.863498]}, "properties": {"unit_id": "34064", "vintage": 2024, "median_price_m2": 1652.92, "annual_transactions": 12, "population": 465.0, "working_age_share": 0.57, "vacancy_rate": 11.17, "known_as_of": "2026-05-18", "location_note": "median of geocoded transactions, not the official centroid"}}, {"type": "Feature", "geometry": {"type": "Point", "coordinates": [3.0281814999999996, 43.423377]}, "properties": {"unit_id": "34065", "vintage": 2024, "median_price_m2": 2013.65, "annual_transactions": 8, "population": 628.0, "working_age_share": 0.56, "vacancy_rate": 7.49, "known_as_of": "2026-05-18", "location_note": "median of geocoded transactions, not the official centroid"}}, {"type": "Feature", "geometry": {"type": "Point", "coordinates": [3.78521, 43.766946]}, "properties": {"unit_id": "34066", "vintage": 2024, "median_price_m2": 5157.48, "annual_transactions": 3, "population": 229.0, "working_age_share": 0.52, "vacancy_rate": 3.46, "known_as_of": "2026-05-18", "location_note": "median of geocoded transactions, not the official centroid"}}, {"type": "Feature", "geometry": {"type": "Point", "coordinates": [3.702041, 43.921323]}, "properties": {"unit_id": "34067", "vintage": 2024, "median_price_m2": 2958.5, "annual_transactions": 20, "population": 1566.0, "working_age_share": 0.5, "vacancy_rate": 6.14, "known_as_of": "2026-05-18", "location_note": "median of geocoded transactions, not the official centroid"}}, {"type": "Feature", "geometry": {"type": "Point", "coordinates": [3.457198, 43.506462]}, "properties": {"unit_id": "34068", "vintage": 2024, "median_price_m2": 1074.47, "annual_transactions": 4, "population": 406.0, "working_age_share": 0.52, "vacancy_rate": 9.3, "known_as_of": "2026-05-18", "location_note": "median of geocoded transactions, not the official centroid"}}, {"type": "Feature", "geometry": {"type": "Point", "coordinates": [3.100394, 43.392441]}, "properties": {"unit_id": "34069", "vintage": 2024, "median_price_m2": 1748.36, "annual_transactions": 68, "population": 5146.0, "working_age_share": 0.53, "vacancy_rate": 6.79, "known_as_of": "2026-05-18", "location_note": "median of geocoded transactions, not the official centroid"}}, {"type": "Feature", "geometry": {"type": "Point", "coordinates": [2.9735880000000003, 43.4048305]}, "properties": {"unit_id": "34070", "vintage": 2024, "median_price_m2": 2452.79, "annual_transactions": 10, "population": 634.0, "working_age_share": 0.52, "vacancy_rate": 14.13, "known_as_of": "2026-05-18", "location_note": "median of geocoded transactions, not the official centroid"}}, {"type": "Feature", "geometry": {"type": "Point", "coordinates": [3.111013, 43.8036345]}, "properties": {"unit_id": "34071", "vintage": 2024, "median_price_m2": 1296.71, "annual_transactions": 10, "population": 274.0, "working_age_share": 0.43, "vacancy_rate": 19.19, "known_as_of": "2026-05-18", "location_note": "median of geocoded transactions, not the official centroid"}}, {"type": "Feature", "geometry": {"type": "Point", "coordinates": [3.3065455, 43.322859]}, "properties": {"unit_id": "34073", "vintage": 2024, "median_price_m2": 2582.55, "annual_transactions": 28, "population": 2535.0, "working_age_share": 0.5, "vacancy_rate": 8.16, "known_as_of": "2026-05-18", "location_note": "median of geocoded transactions, not the official centroid"}}, {"type": "Feature", "geometry": {"type": "Point", "coordinates": [3.04792, 43.450107]}, "properties": {"unit_id": "34074", "vintage": 2024, "median_price_m2": 1599.75, "annual_transactions": 42, "population": 2373.0, "working_age_share": 0.48, "vacancy_rate": 6.45, "known_as_of": "2026-05-18", "location_note": "median of geocoded transactions, not the official centroid"}}, {"type": "Feature", "geometry": {"type": "Point", "coordinates": [2.7146305, 43.3247765]}, "properties": {"unit_id": "34075", "vintage": 2024, "median_price_m2": 1575.97, "annual_transactions": 7, "population": 426.0, "working_age_share": 0.47, "vacancy_rate": 14.49, "known_as_of": "2026-05-18", "location_note": "median of geocoded transactions, not the official centroid"}}, {"type": "Feature", "geometry": {"type": "Point", "coordinates": [3.457099, 43.647284]}, "properties": {"unit_id": "34076", "vintage": 2024, "median_price_m2": 2184.57, "annual_transactions": 17, "population": 1382.0, "working_age_share": 0.56, "vacancy_rate": 7.96, "known_as_of": "2026-05-18", "location_note": "median of geocoded transactions, not the official centroid"}}, {"type": "Feature", "geometry": {"type": "Point", "coordinates": [3.886379, 43.656954]}, "properties": {"unit_id": "34077", "vintage": 2024, "median_price_m2": 4341.19, "annual_transactions": 48, "population": 5811.0, "working_age_share": 0.54, "vacancy_rate": 3.26, "known_as_of": "2026-05-18", "location_note": "median of geocoded transactions, not the official centroid"}}, {"type": "Feature", "geometry": {"type": "Point", "coordinates": [3.902961, 43.861044]}, "properties": {"unit_id": "34078", "vintage": 2024, "median_price_m2": 3560.33, "annual_transactions": 10, "population": 1695.0, "working_age_share": 0.52, "vacancy_rate": 6.22, "known_as_of": "2026-05-18", "location_note": "median of geocoded transactions, not the official centroid"}}, {"type": "Feature", "geometry": {"type": "Point", "coordinates": [3.430891, 43.627489]}, "properties": {"unit_id": "34079", "vintage": 2024, "median_price_m2": 2193.23, "annual_transactions": 122, "population": 9269.0, "working_age_share": 0.52, "vacancy_rate": 13.41, "known_as_of": "2026-05-18", "location_note": "median of geocoded transactions, not the official centroid"}}, {"type": "Feature", "geometry": {"type": "Point", "coordinates": [3.011993, 43.578491]}, "properties": {"unit_id": "34080", "vintage": 2024, "median_price_m2": 1513.86, "annual_transactions": 5, "population": 480.0, "working_age_share": 0.46, "vacancy_rate": 2.51, "known_as_of": "2026-05-18", "location_note": "median of geocoded transactions, not the official centroid"}}, {"type": "Feature", "geometry": {"type": "Point", "coordinates": [3.143434, 43.310911]}, "properties": {"unit_id": "34081", "vintage": 2024, "median_price_m2": 2750.99, "annual_transactions": 26, "population": 2668.0, "working_age_share": 0.5, "vacancy_rate": 3.58, "known_as_of": "2026-05-18", "location_note": "median of geocoded transactions, not the official centroid"}}, {"type": "Feature", "geometry": {"type": "Point", "coordinates": [3.768956, 43.672793]}, "properties": {"unit_id": "34082", "vintage": 2024, "median_price_m2": 4031.0, "annual_transactions": 14, "population": 1909.0, "working_age_share": 0.55, "vacancy_rate": 3.37, "known_as_of": "2026-05-18", "location_note": "median of geocoded transactions, not the official centroid"}}, {"type": "Feature", "geometry": {"type": "Point", "coordinates": [3.0606225, 43.6049955]}, "properties": {"unit_id": "34083", "vintage": 2024, "median_price_m2": 2206.33, "annual_transactions": 6, "population": 322.0, "working_age_share": 0.59, "vacancy_rate": 2.91, "known_as_of": "2026-05-18", "location_note": "median of geocoded transactions, not the official centroid"}}, {"type": "Feature", "geometry": {"type": "Point", "coordinates": [3.1926110000000003, 43.400084]}, "properties": {"unit_id": "34084", "vintage": 2024, "median_price_m2": 2188.96, "annual_transactions": 20, "population": 1663.0, "working_age_share": 0.45, "vacancy_rate": 8.77, "known_as_of": "2026-05-18", "location_note": "median of geocoded transactions, not the official centroid"}}, {"type": "Feature", "geometry": {"type": "Point", "coordinates": [3.280054, 43.449812]}, "properties": {"unit_id": "34085", "vintage": 2024, "median_price_m2": 3090.16, "annual_transactions": 6, "population": 365.0, "working_age_share": 0.49, "vacancy_rate": 3.79, "known_as_of": "2026-05-18", "location_note": "median of geocoded transactions, not the official centroid"}}, {"type": "Feature", "geometry": {"type": "Point", "coordinates": [2.708978, 43.47511]}, "properties": {"unit_id": "34086", "vintage": 2024, "median_price_m2": 1421.18, "annual_transactions": 11, "population": 616.0, "working_age_share": 0.45, "vacancy_rate": 15.85, "known_as_of": "2026-05-18", "location_note": "median of geocoded transactions, not the official centroid"}}, {"type": "Feature", "geometry": {"type": "Point", "coordinates": [3.705045, 43.548668]}, "properties": {"unit_id": "34087", "vintage": 2024, "median_price_m2": 3469.41, "annual_transactions": 38, "population": 3550.0, "working_age_share": 0.56, "vacancy_rate": 4.4, "known_as_of": "2026-05-18", "location_note": "median of geocoded transactions, not the official centroid"}}, {"type": "Feature", "geometry": {"type": "Point", "coordinates": [3.719256, 43.5577815]}, "properties": {"unit_id": "34088", "vintage": 2024, "median_price_m2": 3144.29, "annual_transactions": 66, "population": 6654.0, "working_age_share": 0.58, "vacancy_rate": 10.38, "known_as_of": "2026-05-18", "location_note": "median of geocoded transactions, not the official centroid"}}, {"type": "Feature", "geometry": {"type": "Point", "coordinates": [3.0101225, 43.3743415]}, "properties": {"unit_id": "34089", "vintage": 2024, "median_price_m2": 2199.17, "annual_transactions": 22, "population": 1371.0, "working_age_share": 0.48, "vacancy_rate": 3.26, "known_as_of": "2026-05-18", "location_note": "median of geocoded transactions, not the official centroid"}}, {"type": "Feature", "geometry": {"type": "Point", "coordinates": [3.93848, 43.651919]}, "properties": {"unit_id": "34090", "vintage": 2024, "median_price_m2": 3933.04, "annual_transactions": 90, "population": 9295.0, "working_age_share": 0.53, "vacancy_rate": 4.8, "known_as_of": "2026-05-18", "location_note": "median of geocoded transactions, not the official centroid"}}, {"type": "Feature", "geometry": {"type": "Point", "coordinates": [3.36409, 43.869577]}, "properties": {"unit_id": "34091", "vintage": 2024, "median_price_m2": 2940.0, "annual_transactions": 3, "population": 57.0, "working_age_share": 0.5, "vacancy_rate": 4.26, "known_as_of": "2026-05-18", "location_note": "median of geocoded transactions, not the official centroid"}}, {"type": "Feature", "geometry": {"type": "Point", "coordinates": [2.941337, 43.3553405]}, "properties": {"unit_id": "34092", "vintage": 2024, "median_price_m2": 1885.0, "annual_transactions": 12, "population": 953.0, "working_age_share": 0.49, "vacancy_rate": 10.19, "known_as_of": "2026-05-18", "location_note": "median of geocoded transactions, not the official centroid"}}, {"type": "Feature", "geometry": {"type": "Point", "coordinates": [3.263353, 43.440721]}, "properties": {"unit_id": "34094", "vintage": 2024, "median_price_m2": 2374.94, "annual_transactions": 20, "population": 1162.0, "working_age_share": 0.58, "vacancy_rate": 10.06, "known_as_of": "2026-05-18", "location_note": "median of geocoded transactions, not the official centroid"}}, {"type": "Feature", "geometry": {"type": "Point", "coordinates": [3.7775705, 43.551297500000004]}, "properties": {"unit_id": "34095", "vintage": 2024, "median_price_m2": 3692.5, "annual_transactions": 77, "population": 7197.0, "working_age_share": 0.55, "vacancy_rate": 5.58, "known_as_of": "2026-05-18", "location_note": "median of geocoded transactions, not the official centroid"}}, {"type": "Feature", "geometry": {"type": "Point", "coordinates": [3.18809, 43.565359]}, "properties": {"unit_id": "34096", "vintage": 2024, "median_price_m2": 1193.18, "annual_transactions": 11, "population": 554.0, "working_age_share": 0.5, "vacancy_rate": 6.81, "known_as_of": "2026-05-18", "location_note": "median of geocoded transactions, not the official centroid"}}, {"type": "Feature", "geometry": {"type": "Point", "coordinates": [2.6011835000000003, 43.3304205]}, "properties": {"unit_id": "34097", "vintage": 2024, "median_price_m2": 1286.44, "annual_transactions": 10, "population": 494.0, "working_age_share": 0.49, "vacancy_rate": 9.33, "known_as_of": "2026-05-18", "location_note": "median of geocoded transactions, not the official centroid"}}, {"type": "Feature", "geometry": {"type": "Point", "coordinates": [2.631491, 43.402606]}, "properties": {"unit_id": "34098", "vintage": 2024, "median_price_m2": 1099.39, "annual_transactions": 4, "population": 150.0, "working_age_share": 0.41, "vacancy_rate": 6.25, "known_as_of": "2026-05-18", "location_note": "median of geocoded transactions, not the official centroid"}}, {"type": "Feature", "geometry": {"type": "Point", "coordinates": [2.897139, 43.484966]}, "properties": {"unit_id": "34100", "vintage": 2024, "median_price_m2": 962.65, "annual_transactions": 5, "population": 59.0, "working_age_share": 0.47, "vacancy_rate": 6.06, "known_as_of": "2026-05-18", "location_note": "median of geocoded transactions, not the official centroid"}}, {"type": "Feature", "geometry": {"type": "Point", "coordinates": [3.4655635, 43.382843]}, "properties": {"unit_id": "34101", "vintage": 2024, "median_price_m2": 2764.29, "annual_transactions": 71, "population": 5022.0, "working_age_share": 0.5, "vacancy_rate": 6.58, "known_as_of": "2026-05-18", "location_note": "median of geocoded transactions, not the official centroid"}}, {"type": "Feature", "geometry": {"type": "Point", "coordinates": [3.912268, 43.792662]}, "properties": {"unit_id": "34102", "vintage": 2024, "median_price_m2": 2791.82, "annual_transactions": 6, "population": 353.0, "working_age_share": 0.53, "vacancy_rate": 5.11, "known_as_of": "2026-05-18", "location_note": "median of geocoded transactions, not the official centroid"}}, {"type": "Feature", "geometry": {"type": "Point", "coordinates": [3.3805425, 43.539881]}, "properties": {"unit_id": "34103", "vintage": 2024, "median_price_m2": 2037.88, "annual_transactions": 13, "population": 1053.0, "working_age_share": 0.46, "vacancy_rate": 11.61, "known_as_of": "2026-05-18", "location_note": "median of geocoded transactions, not the official centroid"}}, {"type": "Feature", "geometry": {"type": "Point", "coordinates": [3.246598, 43.565908]}, "properties": {"unit_id": "34104", "vintage": 2024, "median_price_m2": 1875.0, "annual_transactions": 1, "population": 128.0, "working_age_share": 0.54, "vacancy_rate": 6.97, "known_as_of": "2026-05-18", "location_note": "median of geocoded transactions, not the official centroid"}}, {"type": "Feature", "geometry": {"type": "Point", "coordinates": [3.2445139999999997, 43.500932500000005]}, "properties": {"unit_id": "34105", "vintage": 2024, "median_price_m2": 2625.64, "annual_transactions": 8, "population": 249.0, "working_age_share": 0.45, "vacancy_rate": 5.57, "known_as_of": "2026-05-18", "location_note": "median of geocoded transactions, not the official centroid"}}, {"type": "Feature", "geometry": {"type": "Point", "coordinates": [3.346612, 43.7522055]}, "properties": {"unit_id": "34106", "vintage": 2024, "median_price_m2": 2185.71, "annual_transactions": 1, "population": 188.0, "working_age_share": 0.47, "vacancy_rate": 11.97, "known_as_of": "2026-05-18", "location_note": "median of geocoded transactions, not the official centroid"}}, {"type": "Feature", "geometry": {"type": "Point", "coordinates": [2.7921370000000003, 43.600353]}, "properties": {"unit_id": "34107", "vintage": 2024, "median_price_m2": 1644.23, "annual_transactions": 9, "population": 339.0, "working_age_share": 0.46, "vacancy_rate": 1.41, "known_as_of": "2026-05-18", "location_note": "median of geocoded transactions, not the official centroid"}}, {"type": "Feature", "geometry": {"type": "Point", "coordinates": [3.7552895, 43.444365]}, "properties": {"unit_id": "34108", "vintage": 2024, "median_price_m2": 3470.83, "annual_transactions": 377, "population": 23808.0, "working_age_share": 0.53, "vacancy_rate": 3.54, "known_as_of": "2026-05-18", "location_note": "median of geocoded transactions, not the official centroid"}}, {"type": "Feature", "geometry": {"type": "Point", "coordinates": [3.272506, 43.51421]}, "properties": {"unit_id": "34109", "vintage": 2024, "median_price_m2": 1769.23, "annual_transactions": 25, "population": 843.0, "working_age_share": 0.45, "vacancy_rate": 13.91, "known_as_of": "2026-05-18", "location_note": "median of geocoded transactions, not the official centroid"}}, {"type": "Feature", "geometry": {"type": "Point", "coordinates": [4.019957, 43.770672]}, "properties": {"unit_id": "34110", "vintage": 2024, "median_price_m2": 3500.0, "annual_transactions": 1, "population": 756.0, "working_age_share": 0.61, "vacancy_rate": 6.27, "known_as_of": "2026-05-18", "location_note": "median of geocoded transactions, not the official centroid"}}, {"type": "Feature", "geometry": {"type": "Point", "coordinates": [3.708237, 43.935342]}, "properties": {"unit_id": "34111", "vintage": 2024, "median_price_m2": 1825.75, "annual_transactions": 56, "population": 3984.0, "working_age_share": 0.45, "vacancy_rate": 19.35, "known_as_of": "2026-05-18", "location_note": "median of geocoded transactions, not the official centroid"}}, {"type": "Feature", "geometry": {"type": "Point", "coordinates": [4.015788, 43.794558]}, "properties": {"unit_id": "34112", "vintage": 2024, "median_price_m2": 3740.62, "annual_transactions": 1, "population": 231.0, "working_age_share": 0.67, "vacancy_rate": 2.9, "known_as_of": "2026-05-18", "location_note": "median of geocoded transactions, not the official centroid"}}, {"type": "Feature", "geometry": {"type": "Point", "coordinates": [3.7115335, 43.5003325]}, "properties": {"unit_id": "34113", "vintage": 2024, "median_price_m2": 3142.96, "annual_transactions": 63, "population": 6565.0, "working_age_share": 0.58, "vacancy_rate": 7.84, "known_as_of": "2026-05-18", "location_note": "median of geocoded transactions, not the official centroid"}}, {"type": "Feature", "geometry": {"type": "Point", "coordinates": [3.550498, 43.653069]}, "properties": {"unit_id": "34114", "vintage": 2024, "median_price_m2": 2909.02, "annual_transactions": 74, "population": 6650.0, "working_age_share": 0.56, "vacancy_rate": 8.51, "known_as_of": "2026-05-18", "location_note": "median of geocoded transactions, not the official centroid"}}, {"type": "Feature", "geometry": {"type": "Point", "coordinates": [3.622838, 43.88897]}, "properties": {"unit_id": "34115", "vintage": 2024, "median_price_m2": 2061.4, "annual_transactions": 1, "population": 110.0, "working_age_share": 0.29, "vacancy_rate": 0.0, "known_as_of": "2026-05-18", "location_note": "median of geocoded transactions, not the official centroid"}}, {"type": "Feature", "geometry": {"type": "Point", "coordinates": [3.82748, 43.6488765]}, "properties": {"unit_id": "34116", "vintage": 2024, "median_price_m2": 3613.19, "annual_transactions": 122, "population": 8973.0, "working_age_share": 0.6, "vacancy_rate": 6.92, "known_as_of": "2026-05-18", "location_note": "median of geocoded transactions, not the official centroid"}}, {"type": "Feature", "geometry": {"type": "Point", "coordinates": [3.094717, 43.67813]}, "properties": {"unit_id": "34117", "vintage": 2024, "median_price_m2": 717.59, "annual_transactions": 29, "population": 574.0, "working_age_share": 0.4, "vacancy_rate": 22.97, "known_as_of": "2026-05-18", "location_note": "median of geocoded transactions, not the official centroid"}}, {"type": "Feature", "geometry": {"type": "Point", "coordinates": [3.927522, 43.72265]}, "properties": {"unit_id": "34118", "vintage": 2024, "median_price_m2": 5185.06, "annual_transactions": 4, "population": 492.0, "working_age_share": 0.53, "vacancy_rate": 2.48, "known_as_of": "2026-05-18", "location_note": "median of geocoded transactions, not the official centroid"}}, {"type": "Feature", "geometry": {"type": "Point", "coordinates": [3.114912, 43.593221]}, "properties": {"unit_id": "34119", "vintage": 2024, "median_price_m2": 1601.85, "annual_transactions": 28, "population": 1525.0, "working_age_share": 0.49, "vacancy_rate": 13.78, "known_as_of": "2026-05-18", "location_note": "median of geocoded transactions, not the official centroid"}}, {"type": "Feature", "geometry": {"type": "Point", "coordinates": [3.917423, 43.665549]}, "properties": {"unit_id": "34120", "vintage": 2024, "median_price_m2": 3941.16, "annual_transactions": 68, "population": 6823.0, "working_age_share": 0.57, "vacancy_rate": 3.72, "known_as_of": "2026-05-18", "location_note": "median of geocoded transactions, not the official centroid"}}, {"type": "Feature", "geometry": {"type": "Point", "coordinates": [3.193159, 43.73867799999999]}, "properties": {"unit_id": "34121", "vintage": 2024, "median_price_m2": 1025.45, "annual_transactions": 5, "population": 266.0, "working_age_share": 0.44, "vacancy_rate": 7.08, "known_as_of": "2026-05-18", "location_note": "median of geocoded transactions, not the official centroid"}}, {"type": "Feature", "geometry": {"type": "Point", "coordinates": [3.476147, 43.675049]}, "properties": {"unit_id": "34122", "vintage": 2024, "median_price_m2": 2803.92, "annual_transactions": 9, "population": 558.0, "working_age_share": 0.54, "vacancy_rate": 6.84, "known_as_of": "2026-05-18", "location_note": "median of geocoded transactions, not the official centroid"}}, {"type": "Feature", "geometry": {"type": "Point", "coordinates": [3.805829, 43.618051]}, "properties": {"unit_id": "34123", "vintage": 2024, "median_price_m2": 3266.2, "annual_transactions": 152, "population": 12783.0, "working_age_share": 0.57, "vacancy_rate": 6.36, "known_as_of": "2026-05-18", "location_note": "median of geocoded transactions, not the official centroid"}}, {"type": "Feature", "geometry": {"type": "Point", "coordinates": [3.436635, 43.644971]}, "properties": {"unit_id": "34124", "vintage": 2024, "median_price_m2": 800.0, "annual_transactions": 3, "population": 308.0, "working_age_share": 0.5, "vacancy_rate": 9.4, "known_as_of": "2026-05-18", "location_note": "median of geocoded transactions, not the official centroid"}}, {"type": "Feature", "geometry": {"type": "Point", "coordinates": [3.5246515, 43.673363]}, "properties": {"unit_id": "34125", "vintage": 2024, "median_price_m2": 10182.86, "annual_transactions": 2, "population": 110.0, "working_age_share": 0.49, "vacancy_rate": 9.58, "known_as_of": "2026-05-18", "location_note": "median of geocoded transactions, not the official centroid"}}, {"type": "Feature", "geometry": {"type": "Point", "coordinates": [3.082637, 43.598095]}, "properties": {"unit_id": "34126", "vintage": 2024, "median_price_m2": 2343.75, "annual_transactions": 83, "population": 2454.0, "working_age_share": 0.4, "vacancy_rate": 0.95, "known_as_of": "2026-05-18", "location_note": "median of geocoded transactions, not the official centroid"}}, {"type": "Feature", "geometry": {"type": "Point", "coordinates": [4.073403, 43.651743]}, "properties": {"unit_id": "34127", "vintage": 2024, "median_price_m2": 3584.91, "annual_transactions": 43, "population": 3107.0, "working_age_share": 0.56, "vacancy_rate": 8.45, "known_as_of": "2026-05-18", "location_note": "median of geocoded transactions, not the official centroid"}}, {"type": "Feature", "geometry": {"type": "Point", "coordinates": [3.7238175, 43.928678000000005]}, "properties": {"unit_id": "34128", "vintage": 2024, "median_price_m2": 2442.76, "annual_transactions": 15, "population": 1655.0, "working_age_share": 0.5, "vacancy_rate": 11.0, "known_as_of": "2026-05-18", "location_note": "median of geocoded transactions, not the official centroid"}}, {"type": "Feature", "geometry": {"type": "Point", "coordinates": [3.903524, 43.572435]}, "properties": {"unit_id": "34129", "vintage": 2024, "median_price_m2": 4622.64, "annual_transactions": 237, "population": 17544.0, "working_age_share": 0.54, "vacancy_rate": 3.76, "known_as_of": "2026-05-18", "location_note": "median of geocoded transactions, not the official centroid"}}, {"type": "Feature", "geometry": {"type": "Point", "coordinates": [3.196378, 43.521818499999995]}, "properties": {"unit_id": "34130", "vintage": 2024, "median_price_m2": 2529.33, "annual_transactions": 38, "population": 1774.0, "working_age_share": 0.51, "vacancy_rate": 14.17, "known_as_of": "2026-05-18", "location_note": "median of geocoded transactions, not the official centroid"}}, {"type": "Feature", "geometry": {"type": "Point", "coordinates": [3.884809, 43.834624]}, "properties": {"unit_id": "34131", "vintage": 2024, "median_price_m2": 2474.74, "annual_transactions": 4, "population": 627.0, "working_age_share": 0.59, "vacancy_rate": 5.9, "known_as_of": "2026-05-18", "location_note": "median of geocoded transactions, not the official centroid"}}, {"type": "Feature", "geometry": {"type": "Point", "coordinates": [3.306429, 43.770205]}, "properties": {"unit_id": "34132", "vintage": 2024, "median_price_m2": 1361.26, "annual_transactions": 2, "population": 202.0, "working_age_share": 0.46, "vacancy_rate": 4.86, "known_as_of": "2026-05-18", "location_note": "median of geocoded transactions, not the official centroid"}}, {"type": "Feature", "geometry": {"type": "Point", "coordinates": [3.8040725, 43.585697499999995]}, "properties": {"unit_id": "34134", "vintage": 2024, "median_price_m2": 3583.33, "annual_transactions": 43, "population": 3312.0, "working_age_share": 0.56, "vacancy_rate": 3.99, "known_as_of": "2026-05-18", "location_note": "median of geocoded transactions, not the official centroid"}}, {"type": "Feature", "geometry": {"type": "Point", "coordinates": [3.172922, 43.273539]}, "properties": {"unit_id": "34135", "vintage": 2024, "median_price_m2": 2208.33, "annual_transactions": 67, "population": 3325.0, "working_age_share": 0.51, "vacancy_rate": 12.47, "known_as_of": "2026-05-18", "location_note": "median of geocoded transactions, not the official centroid"}}, {"type": "Feature", "geometry": {"type": "Point", "coordinates": [3.436993, 43.492972]}, "properties": {"unit_id": "34136", "vintage": 2024, "median_price_m2": 2149.46, "annual_transactions": 24, "population": 1568.0, "working_age_share": 0.52, "vacancy_rate": 4.65, "known_as_of": "2026-05-18", "location_note": "median of geocoded transactions, not the official centroid"}}, {"type": "Feature", "geometry": {"type": "Point", "coordinates": [3.371832, 43.635668]}, "properties": {"unit_id": "34137", "vintage": 2024, "median_price_m2": 3616.04, "annual_transactions": 1, "population": 151.0, "working_age_share": 0.44, "vacancy_rate": 2.21, "known_as_of": "2026-05-18", "location_note": "median of geocoded transactions, not the official centroid"}}, {"type": "Feature", "geometry": {"type": "Point", "coordinates": [3.4159495, 43.5854805]}, "properties": {"unit_id": "34138", "vintage": 2024, "median_price_m2": 2374.65, "annual_transactions": 4, "population": 336.0, "working_age_share": 0.54, "vacancy_rate": 6.42, "known_as_of": "2026-05-18", "location_note": "median of geocoded transactions, not the official centroid"}}, {"type": "Feature", "geometry": {"type": "Point", "coordinates": [3.235983, 43.4186]}, "properties": {"unit_id": "34139", "vintage": 2024, "median_price_m2": 2648.94, "annual_transactions": 25, "population": 1411.0, "working_age_share": 0.52, "vacancy_rate": 8.16, "known_as_of": "2026-05-18", "location_note": "median of geocoded transactions, not the official centroid"}}, {"type": "Feature", "geometry": {"type": "Point", "coordinates": [3.170156, 43.382659]}, "properties": {"unit_id": "34140", "vintage": 2024, "median_price_m2": 2475.06, "annual_transactions": 32, "population": 3224.0, "working_age_share": 0.47, "vacancy_rate": 4.66, "known_as_of": "2026-05-18", "location_note": "median of geocoded transactions, not the official centroid"}}, {"type": "Feature", "geometry": {"type": "Point", "coordinates": [2.6361755000000002, 43.31613]}, "properties": {"unit_id": "34141", "vintage": 2024, "median_price_m2": 1184.21, "annual_transactions": 11, "population": 522.0, "working_age_share": 0.45, "vacancy_rate": 14.59, "known_as_of": "2026-05-18", "location_note": "median of geocoded transactions, not the official centroid"}}, {"type": "Feature", "geometry": {"type": "Point", "coordinates": [3.320237, 43.731291]}, "properties": {"unit_id": "34142", "vintage": 2024, "median_price_m2": 1473.54, "annual_transactions": 112, "population": 7289.0, "working_age_share": 0.49, "vacancy_rate": 13.04, "known_as_of": "2026-05-18", "location_note": "median of geocoded transactions, not the official centroid"}}, {"type": "Feature", "geometry": {"type": "Point", "coordinates": [3.613051, 43.449469]}, "properties": {"unit_id": "34143", "vintage": 2024, "median_price_m2": 3498.28, "annual_transactions": 43, "population": 2195.0, "working_age_share": 0.57, "vacancy_rate": 10.12, "known_as_of": "2026-05-18", "location_note": "median of geocoded transactions, not the official centroid"}}, {"type": "Feature", "geometry": {"type": "Point", "coordinates": [3.194228, 43.707437]}, "properties": {"unit_id": "34144", "vintage": 2024, "median_price_m2": 1660.24, "annual_transactions": 12, "population": 670.0, "working_age_share": 0.44, "vacancy_rate": 11.26, "known_as_of": "2026-05-18", "location_note": "median of geocoded transactions, not the official centroid"}}, {"type": "Feature", "geometry": {"type": "Point", "coordinates": [4.1344175, 43.676315]}, "properties": {"unit_id": "34145", "vintage": 2024, "median_price_m2": 2734.05, "annual_transactions": 370, "population": 26185.0, "working_age_share": 0.54, "vacancy_rate": 6.24, "known_as_of": "2026-05-18", "location_note": "median of geocoded transactions, not the official centroid"}}, {"type": "Feature", "geometry": {"type": "Point", "coordinates": [4.0914605, 43.677427]}, "properties": {"unit_id": "34146", "vintage": 2024, "median_price_m2": 3141.45, "annual_transactions": 52, "population": 4488.0, "working_age_share": 0.55, "vacancy_rate": 7.09, "known_as_of": "2026-05-18", "location_note": "median of geocoded transactions, not the official centroid"}}, {"type": "Feature", "geometry": {"type": "Point", "coordinates": [3.222047, 43.471973]}, "properties": {"unit_id": "34147", "vintage": 2024, "median_price_m2": 2214.77, "annual_transactions": 53, "population": 3478.0, "working_age_share": 0.49, "vacancy_rate": 0.94, "known_as_of": "2026-05-18", "location_note": "median of geocoded transactions, not the official centroid"}}, {"type": "Feature", "geometry": {"type": "Point", "coordinates": [3.157993, 43.368593]}, "properties": {"unit_id": "34148", "vintage": 2024, "median_price_m2": 2237.18, "annual_transactions": 53, "population": 4671.0, "working_age_share": 0.52, "vacancy_rate": 9.29, "known_as_of": "2026-05-18", "location_note": "median of geocoded transactions, not the official centroid"}}, {"type": "Feature", "geometry": {"type": "Point", "coordinates": [3.306444, 43.4862675]}, "properties": {"unit_id": "34149", "vintage": 2024, "median_price_m2": 2609.02, "annual_transactions": 17, "population": 736.0, "working_age_share": 0.5, "vacancy_rate": 6.37, "known_as_of": "2026-05-18", "location_note": "median of geocoded transactions, not the official centroid"}}, {"type": "Feature", "geometry": {"type": "Point", "coordinates": [3.532279, 43.337813499999996]}, "properties": {"unit_id": "34150", "vintage": 2024, "median_price_m2": 4236.23, "annual_transactions": 306, "population": 7643.0, "working_age_share": 0.43, "vacancy_rate": 0.74, "known_as_of": "2026-05-18", "location_note": "median of geocoded transactions, not the official centroid"}}, {"type": "Feature", "geometry": {"type": "Point", "coordinates": [4.177598, 43.664868]}, "properties": {"unit_id": "34151", "vintage": 2024, "median_price_m2": 3181.25, "annual_transactions": 113, "population": 6587.0, "working_age_share": 0.54, "vacancy_rate": 10.08, "known_as_of": "2026-05-18", "location_note": "median of geocoded transactions, not the official centroid"}}, {"type": "Feature", "geometry": {"type": "Point", "coordinates": [3.756614, 43.7847025]}, "properties": {"unit_id": "34152", "vintage": 2024, "median_price_m2": 3503.58, "annual_transactions": 8, "population": 669.0, "working_age_share": 0.57, "vacancy_rate": 1.68, "known_as_of": "2026-05-18", "location_note": "median of geocoded transactions, not the official centroid"}}, {"type": "Feature", "geometry": {"type": "Point", "coordinates": [3.810702, 43.7280265]}, "properties": {"unit_id": "34153", "vintage": 2024, "median_price_m2": 3821.82, "annual_transactions": 20, "population": 2047.0, "working_age_share": 0.51, "vacancy_rate": 5.3, "known_as_of": "2026-05-18", "location_note": "median of geocoded transactions, not the official centroid"}}, {"type": "Feature", "geometry": {"type": "Point", "coordinates": [3.991852, 43.551668]}, "properties": {"unit_id": "34154", "vintage": 2024, "median_price_m2": 4604.35, "annual_transactions": 339, "population": 16596.0, "working_age_share": 0.52, "vacancy_rate": 5.99, "known_as_of": "2026-05-18", "location_note": "median of geocoded transactions, not the official centroid"}}, {"type": "Feature", "geometry": {"type": "Point", "coordinates": [3.121223, 43.357146]}, "properties": {"unit_id": "34155", "vintage": 2024, "median_price_m2": 2048.53, "annual_transactions": 29, "population": 2376.0, "working_age_share": 0.52, "vacancy_rate": 9.42, "known_as_of": "2026-05-18", "location_note": "median of geocoded transactions, not the official centroid"}}, {"type": "Feature", "geometry": {"type": "Point", "coordinates": [3.602097, 43.425985499999996]}, "properties": {"unit_id": "34157", "vintage": 2024, "median_price_m2": 3521.74, "annual_transactions": 197, "population": 12664.0, "working_age_share": 0.48, "vacancy_rate": 3.88, "known_as_of": "2026-05-18", "location_note": "median of geocoded transactions, not the official centroid"}}, {"type": "Feature", "geometry": {"type": "Point", "coordinates": [2.746356, 43.3538305]}, "properties": {"unit_id": "34158", "vintage": 2024, "median_price_m2": 1962.96, "annual_transactions": 1, "population": 99.0, "working_age_share": 0.48, "vacancy_rate": 3.59, "known_as_of": "2026-05-18", "location_note": "median of geocoded transactions, not the official centroid"}}, {"type": "Feature", "geometry": {"type": "Point", "coordinates": [3.802516, 43.508397]}, "properties": {"unit_id": "34159", "vintage": 2024, "median_price_m2": 3492.06, "annual_transactions": 45, "population": 3302.0, "working_age_share": 0.52, "vacancy_rate": 4.78, "known_as_of": "2026-05-18", "location_note": "median of geocoded transactions, not the official centroid"}}, {"type": "Feature", "geometry": {"type": "Point", "coordinates": [2.9601565, 43.568622500000004]}, "properties": {"unit_id": "34160", "vintage": 2024, "median_price_m2": 2797.1, "annual_transactions": 7, "population": 663.0, "working_age_share": 0.44, "vacancy_rate": 7.57, "known_as_of": "2026-05-18", "location_note": "median of geocoded transactions, not the official centroid"}}, {"type": "Feature", "geometry": {"type": "Point", "coordinates": [3.1261455, 43.3352215]}, "properties": {"unit_id": "34161", "vintage": 2024, "median_price_m2": 2559.52, "annual_transactions": 39, "population": 4005.0, "working_age_share": 0.51, "vacancy_rate": 4.08, "known_as_of": "2026-05-18", "location_note": "median of geocoded transactions, not the official centroid"}}, {"type": "Feature", "geometry": {"type": "Point", "coordinates": [3.483258, 43.480223]}, "properties": {"unit_id": "34162", "vintage": 2024, "median_price_m2": 2102.37, "annual_transactions": 86, "population": 4436.0, "working_age_share": 0.47, "vacancy_rate": 14.44, "known_as_of": "2026-05-18", "location_note": "median of geocoded transactions, not the official centroid"}}, {"type": "Feature", "geometry": {"type": "Point", "coordinates": [3.6983604999999997, 43.646709]}, "properties": {"unit_id": "34163", "vintage": 2024, "median_price_m2": 3101.85, "annual_transactions": 36, "population": 4164.0, "working_age_share": 0.55, "vacancy_rate": 6.21, "known_as_of": "2026-05-18", "location_note": "median of geocoded transactions, not the official centroid"}}, {"type": "Feature", "geometry": {"type": "Point", "coordinates": [3.962916, 43.75111]}, "properties": {"unit_id": "34164", "vintage": 2024, "median_price_m2": 4529.48, "annual_transactions": 4, "population": 1033.0, "working_age_share": 0.56, "vacancy_rate": 6.41, "known_as_of": "2026-05-18", "location_note": "median of geocoded transactions, not the official centroid"}}, {"type": "Feature", "geometry": {"type": "Point", "coordinates": [3.6948455, 43.515555]}, "properties": {"unit_id": "34165", "vintage": 2024, "median_price_m2": 2741.94, "annual_transactions": 29, "population": 2928.0, "working_age_share": 0.56, "vacancy_rate": 5.63, "known_as_of": "2026-05-18", "location_note": "median of geocoded transactions, not the official centroid"}}, {"type": "Feature", "geometry": {"type": "Point", "coordinates": [3.367293, 43.396697]}, "properties": {"unit_id": "34166", "vintage": 2024, "median_price_m2": 2732.35, "annual_transactions": 53, "population": 2854.0, "working_age_share": 0.5, "vacancy_rate": 6.71, "known_as_of": "2026-05-18", "location_note": "median of geocoded transactions, not the official centroid"}}, {"type": "Feature", "geometry": {"type": "Point", "coordinates": [3.0315185, 43.294409]}, "properties": {"unit_id": "34167", "vintage": 2024, "median_price_m2": 2739.73, "annual_transactions": 3, "population": 246.0, "working_age_share": 0.54, "vacancy_rate": 10.45, "known_as_of": "2026-05-18", "location_note": "median of geocoded transactions, not the official centroid"}}, {"type": "Feature", "geometry": {"type": "Point", "coordinates": [3.27643, 43.567798]}, "properties": {"unit_id": "34168", "vintage": 2024, "median_price_m2": 2423.47, "annual_transactions": 2, "population": 75.0, "working_age_share": 0.46, "vacancy_rate": 3.29, "known_as_of": "2026-05-18", "location_note": "median of geocoded transactions, not the official centroid"}}, {"type": "Feature", "geometry": {"type": "Point", "coordinates": [3.8579295, 43.667299]}, "properties": {"unit_id": "34169", "vintage": 2024, "median_price_m2": 4379.91, "annual_transactions": 42, "population": 4054.0, "working_age_share": 0.49, "vacancy_rate": 5.24, "known_as_of": "2026-05-18", "location_note": "median of geocoded transactions, not the official centroid"}}, {"type": "Feature", "geometry": {"type": "Point", "coordinates": [2.906613, 43.337605]}, "properties": {"unit_id": "34170", "vintage": 2024, "median_price_m2": 1820.51, "annual_transactions": 7, "population": 221.0, "working_age_share": 0.46, "vacancy_rate": 10.93, "known_as_of": "2026-05-18", "location_note": "median of geocoded transactions, not the official centroid"}}, {"type": "Feature", "geometry": {"type": "Point", "coordinates": [3.869102, 43.608863]}, "properties": {"unit_id": "34172", "vintage": 2024, "median_price_m2": 3437.5, "annual_transactions": 4343, "population": 302454.0, "working_age_share": 0.66, "vacancy_rate": 7.34, "known_as_of": "2026-05-18", "location_note": "median of geocoded transactions, not the official centroid"}}, {"type": "Feature", "geometry": {"type": "Point", "coordinates": [3.5054535, 43.69562]}, "properties": {"unit_id": "34173", "vintage": 2024, "median_price_m2": 3271.52, "annual_transactions": 12, "population": 1386.0, "working_age_share": 0.54, "vacancy_rate": 12.46, "known_as_of": "2026-05-18", "location_note": "median of geocoded transactions, not the official centroid"}}, {"type": "Feature", "geometry": {"type": "Point", "coordinates": [3.72904, 43.943802]}, "properties": {"unit_id": "34174", "vintage": 2024, "median_price_m2": 3004.64, "annual_transactions": 6, "population": 853.0, "working_age_share": 0.51, "vacancy_rate": 5.87, "known_as_of": "2026-05-18", "location_note": "median of geocoded transactions, not the official centroid"}}, {"type": "Feature", "geometry": {"type": "Point", "coordinates": [4.03966, 43.64644]}, "properties": {"unit_id": "34176", "vintage": 2024, "median_price_m2": 4248.12, "annual_transactions": 38, "population": 2894.0, "working_age_share": 0.56, "vacancy_rate": 4.54, "known_as_of": "2026-05-18", "location_note": "median of geocoded transactions, not the official centroid"}}, {"type": "Feature", "geometry": {"type": "Point", "coordinates": [3.745303, 43.687129]}, "properties": {"unit_id": "34177", "vintage": 2024, "median_price_m2": 1764.94, "annual_transactions": 4, "population": 352.0, "working_age_share": 0.5, "vacancy_rate": 5.59, "known_as_of": "2026-05-18", "location_note": "median of geocoded transactions, not the official centroid"}}, {"type": "Feature", "geometry": {"type": "Point", "coordinates": [3.144294, 43.439778]}, "properties": {"unit_id": "34178", "vintage": 2024, "median_price_m2": 2233.55, "annual_transactions": 60, "population": 3077.0, "working_age_share": 0.52, "vacancy_rate": 12.6, "known_as_of": "2026-05-18", "location_note": "median of geocoded transactions, not the official centroid"}}, {"type": "Feature", "geometry": {"type": "Point", "coordinates": [3.737794, 43.6051]}, "properties": {"unit_id": "34179", "vintage": 2024, "median_price_m2": 3305.14, "annual_transactions": 8, "population": 1930.0, "working_age_share": 0.58, "vacancy_rate": 4.44, "known_as_of": "2026-05-18", "location_note": "median of geocoded transactions, not the official centroid"}}, {"type": "Feature", "geometry": {"type": "Point", "coordinates": [3.43132, 43.606484]}, "properties": {"unit_id": "34180", "vintage": 2024, "median_price_m2": 2220.77, "annual_transactions": 26, "population": 1512.0, "working_age_share": 0.55, "vacancy_rate": 10.69, "known_as_of": "2026-05-18", "location_note": "median of geocoded transactions, not the official centroid"}}, {"type": "Feature", "geometry": {"type": "Point", "coordinates": [3.331751, 43.533927000000006]}, "properties": {"unit_id": "34181", "vintage": 2024, "median_price_m2": 2508.2, "annual_transactions": 23, "population": 1023.0, "working_age_share": 0.47, "vacancy_rate": 8.32, "known_as_of": "2026-05-18", "location_note": "median of geocoded transactions, not the official centroid"}}, {"type": "Feature", "geometry": {"type": "Point", "coordinates": [3.406807, 43.421451]}, "properties": {"unit_id": "34182", "vintage": 2024, "median_price_m2": 2176.96, "annual_transactions": 33, "population": 1762.0, "working_age_share": 0.53, "vacancy_rate": 1.18, "known_as_of": "2026-05-18", "location_note": "median of geocoded transactions, not the official centroid"}}, {"type": "Feature", "geometry": {"type": "Point", "coordinates": [3.1276135, 43.288758]}, "properties": {"unit_id": "34183", "vintage": 2024, "median_price_m2": 1972.79, "annual_transactions": 63, "population": 4049.0, "working_age_share": 0.5, "vacancy_rate": 12.65, "known_as_of": "2026-05-18", "location_note": "median of geocoded transactions, not the official centroid"}}, {"type": "Feature", "geometry": {"type": "Point", "coordinates": [3.407279, 43.512558]}, "properties": {"unit_id": "34184", "vintage": 2024, "median_price_m2": 2342.84, "annual_transactions": 14, "population": 665.0, "working_age_share": 0.51, "vacancy_rate": 7.1, "known_as_of": "2026-05-18", "location_note": "median of geocoded transactions, not the official centroid"}}, {"type": "Feature", "geometry": {"type": "Point", "coordinates": [3.775146, 43.826294]}, "properties": {"unit_id": "34185", "vintage": 2024, "median_price_m2": 3544.27, "annual_transactions": 5, "population": 522.0, "working_age_share": 0.55, "vacancy_rate": 6.42, "known_as_of": "2026-05-18", "location_note": "median of geocoded transactions, not the official centroid"}}, {"type": "Feature", "geometry": {"type": "Point", "coordinates": [3.304896, 43.652543]}, "properties": {"unit_id": "34186", "vintage": 2024, "median_price_m2": 3141.67, "annual_transactions": 3, "population": 518.0, "working_age_share": 0.5, "vacancy_rate": 9.3, "known_as_of": "2026-05-18", "location_note": "median of geocoded transactions, not the official centroid"}}, {"type": "Feature", "geometry": {"type": "Point", "coordinates": [2.912865, 43.5561745]}, "properties": {"unit_id": "34187", "vintage": 2024, "median_price_m2": 1706.9, "annual_transactions": 7, "population": 550.0, "working_age_share": 0.52, "vacancy_rate": 18.35, "known_as_of": "2026-05-18", "location_note": "median of geocoded transactions, not the official centroid"}}, {"type": "Feature", "geometry": {"type": "Point", "coordinates": [3.310169, 43.707428]}, "properties": {"unit_id": "34188", "vintage": 2024, "median_price_m2": 3111.12, "annual_transactions": 6, "population": 170.0, "working_age_share": 0.42, "vacancy_rate": 4.3, "known_as_of": "2026-05-18", "location_note": "median of geocoded transactions, not the official centroid"}}, {"type": "Feature", "geometry": {"type": "Point", "coordinates": [2.729841, 43.284276]}, "properties": {"unit_id": "34189", "vintage": 2024, "median_price_m2": 1750.0, "annual_transactions": 41, "population": 1687.0, "working_age_share": 0.45, "vacancy_rate": 15.88, "known_as_of": "2026-05-18", "location_note": "median of geocoded transactions, not the official centroid"}}, {"type": "Feature", "geometry": {"type": "Point", "coordinates": [2.766518, 43.290129]}, "properties": {"unit_id": "34190", "vintage": 2024, "median_price_m2": 834.58, "annual_transactions": 7, "population": 263.0, "working_age_share": 0.48, "vacancy_rate": 14.92, "known_as_of": "2026-05-18", "location_note": "median of geocoded transactions, not the official centroid"}}, {"type": "Feature", "geometry": {"type": "Point", "coordinates": [3.186074, 43.430517]}, "properties": {"unit_id": "34191", "vintage": 2024, "median_price_m2": 2009.94, "annual_transactions": 6, "population": 592.0, "working_age_share": 0.49, "vacancy_rate": 12.72, "known_as_of": "2026-05-18", "location_note": "median of geocoded transactions, not the official centroid"}}, {"type": "Feature", "geometry": {"type": "Point", "coordinates": [3.930323, 43.528979]}, "properties": {"unit_id": "34192", "vintage": 2024, "median_price_m2": 5209.88, "annual_transactions": 238, "population": 5881.0, "working_age_share": 0.41, "vacancy_rate": 5.34, "known_as_of": "2026-05-18", "location_note": "median of geocoded transactions, not the official centroid"}}, {"type": "Feature", "geometry": {"type": "Point", "coordinates": [2.850149, 43.451283]}, "properties": {"unit_id": "34193", "vintage": 2024, "median_price_m2": 1428.57, "annual_transactions": 11, "population": 173.0, "working_age_share": 0.52, "vacancy_rate": 10.38, "known_as_of": "2026-05-18", "location_note": "median of geocoded transactions, not the official centroid"}}, {"type": "Feature", "geometry": {"type": "Point", "coordinates": [3.460483, 43.5412065]}, "properties": {"unit_id": "34194", "vintage": 2024, "median_price_m2": 2500.0, "annual_transactions": 63, "population": 4031.0, "working_age_share": 0.5, "vacancy_rate": 7.07, "known_as_of": "2026-05-18", "location_note": "median of geocoded transactions, not the official centroid"}}, {"type": "Feature", "geometry": {"type": "Point", "coordinates": [3.586585, 43.805527]}, "properties": {"unit_id": "34195", "vintage": 2024, "median_price_m2": 2724.04, "annual_transactions": 2, "population": 56.0, "working_age_share": 0.44, "vacancy_rate": 4.79, "known_as_of": "2026-05-18", "location_note": "median of geocoded transactions, not the official centroid"}}, {"type": "Feature", "geometry": {"type": "Point", "coordinates": [3.323144, 43.802419]}, "properties": {"unit_id": "34196", "vintage": 2024, "median_price_m2": 1545.45, "annual_transactions": 5, "population": 154.0, "working_age_share": 0.39, "vacancy_rate": 15.86, "known_as_of": "2026-05-18", "location_note": "median of geocoded transactions, not the official centroid"}}, {"type": "Feature", "geometry": {"type": "Point", "coordinates": [3.397471, 43.574849]}, "properties": {"unit_id": "34197", "vintage": 2024, "median_price_m2": 2304.78, "annual_transactions": 16, "population": 1100.0, "working_age_share": 0.53, "vacancy_rate": 6.76, "known_as_of": "2026-05-18", "location_note": "median of geocoded transactions, not the official centroid"}}, {"type": "Feature", "geometry": {"type": "Point", "coordinates": [3.952646, 43.562466]}, "properties": {"unit_id": "34198", "vintage": 2024, "median_price_m2": 4477.78, "annual_transactions": 123, "population": 9561.0, "working_age_share": 0.53, "vacancy_rate": 6.31, "known_as_of": "2026-05-18", "location_note": "median of geocoded transactions, not the official centroid"}}, {"type": "Feature", "geometry": {"type": "Point", "coordinates": [3.422848, 43.45951]}, "properties": {"unit_id": "34199", "vintage": 2024, "median_price_m2": 2471.05, "annual_transactions": 137, "population": 7788.0, "working_age_share": 0.48, "vacancy_rate": 13.55, "known_as_of": "2026-05-18", "location_note": "median of geocoded transactions, not the official centroid"}}, {"type": "Feature", "geometry": {"type": "Point", "coordinates": [3.251677, 43.59716]}, "properties": {"unit_id": "34200", "vintage": 2024, "median_price_m2": 783.42, "annual_transactions": 9, "population": 237.0, "working_age_share": 0.57, "vacancy_rate": 8.75, "known_as_of": "2026-05-18", "location_note": "median of geocoded transactions, not the official centroid"}}, {"type": "Feature", "geometry": {"type": "Point", "coordinates": [2.971455, 43.4326425]}, "properties": {"unit_id": "34201", "vintage": 2024, "median_price_m2": 2026.23, "annual_transactions": 3, "population": 296.0, "working_age_share": 0.38, "vacancy_rate": 9.89, "known_as_of": "2026-05-18", "location_note": "median of geocoded transactions, not the official centroid"}}, {"type": "Feature", "geometry": {"type": "Point", "coordinates": [3.762734, 43.583742]}, "properties": {"unit_id": "34202", "vintage": 2024, "median_price_m2": 3734.87, "annual_transactions": 74, "population": 8221.0, "working_age_share": 0.56, "vacancy_rate": 6.67, "known_as_of": "2026-05-18", "location_note": "median of geocoded transactions, not the official centroid"}}, {"type": "Feature", "geometry": {"type": "Point", "coordinates": [3.509111, 43.405068]}, "properties": {"unit_id": "34203", "vintage": 2024, "median_price_m2": 2515.18, "annual_transactions": 20, "population": 2004.0, "working_age_share": 0.53, "vacancy_rate": 6.84, "known_as_of": "2026-05-18", "location_note": "median of geocoded transactions, not the official centroid"}}, {"type": "Feature", "geometry": {"type": "Point", "coordinates": [3.52575, 43.558375]}, "properties": {"unit_id": "34204", "vintage": 2024, "median_price_m2": 2764.57, "annual_transactions": 27, "population": 1545.0, "working_age_share": 0.53, "vacancy_rate": 9.26, "known_as_of": "2026-05-18", "location_note": "median of geocoded transactions, not the official centroid"}}, {"type": "Feature", "geometry": {"type": "Point", "coordinates": [3.2769725000000003, 43.7527535]}, "properties": {"unit_id": "34205", "vintage": 2024, "median_price_m2": 1727.27, "annual_transactions": 5, "population": 305.0, "working_age_share": 0.51, "vacancy_rate": 6.91, "known_as_of": "2026-05-18", "location_note": "median of geocoded transactions, not the official centroid"}}, {"type": "Feature", "geometry": {"type": "Point", "coordinates": [3.078018, 43.307603]}, "properties": {"unit_id": "34206", "vintage": 2024, "median_price_m2": 2052.63, "annual_transactions": 4, "population": 535.0, "working_age_share": 0.48, "vacancy_rate": 3.14, "known_as_of": "2026-05-18", "location_note": "median of geocoded transactions, not the official centroid"}}, {"type": "Feature", "geometry": {"type": "Point", "coordinates": [3.4990040000000002, 43.390859000000006]}, "properties": {"unit_id": "34207", "vintage": 2024, "median_price_m2": 2568.26, "annual_transactions": 54, "population": 2148.0, "working_age_share": 0.46, "vacancy_rate": 12.34, "known_as_of": "2026-05-18", "location_note": "median of geocoded transactions, not the official centroid"}}, {"type": "Feature", "geometry": {"type": "Point", "coordinates": [3.5357265, 43.619235]}, "properties": {"unit_id": "34208", "vintage": 2024, "median_price_m2": 2726.56, "annual_transactions": 8, "population": 355.0, "working_age_share": 0.58, "vacancy_rate": 8.53, "known_as_of": "2026-05-18", "location_note": "median of geocoded transactions, not the official centroid"}}, {"type": "Feature", "geometry": {"type": "Point", "coordinates": [3.355212, 43.281201]}, "properties": {"unit_id": "34209", "vintage": 2024, "median_price_m2": 3234.53, "annual_transactions": 108, "population": 3247.0, "working_age_share": 0.47, "vacancy_rate": 1.73, "known_as_of": "2026-05-18", "location_note": "median of geocoded transactions, not the official centroid"}}, {"type": "Feature", "geometry": {"type": "Point", "coordinates": [3.523635, 43.592411]}, "properties": {"unit_id": "34210", "vintage": 2024, "median_price_m2": 2121.2, "annual_transactions": 24, "population": 2099.0, "working_age_share": 0.55, "vacancy_rate": 9.89, "known_as_of": "2026-05-18", "location_note": "median of geocoded transactions, not the official centroid"}}, {"type": "Feature", "geometry": {"type": "Point", "coordinates": [3.061025, 43.579529]}, "properties": {"unit_id": "34211", "vintage": 2024, "median_price_m2": 1559.05, "annual_transactions": 20, "population": 954.0, "working_age_share": 0.5, "vacancy_rate": 23.01, "known_as_of": "2026-05-18", "location_note": "median of geocoded transactions, not the official centroid"}}, {"type": "Feature", "geometry": {"type": "Point", "coordinates": [3.327451, 43.764618]}, "properties": {"unit_id": "34212", "vintage": 2024, "median_price_m2": 2181.82, "annual_transactions": 3, "population": 181.0, "working_age_share": 0.54, "vacancy_rate": 6.05, "known_as_of": "2026-05-18", "location_note": "median of geocoded transactions, not the official centroid"}}, {"type": "Feature", "geometry": {"type": "Point", "coordinates": [3.671099, 43.487316]}, "properties": {"unit_id": "34213", "vintage": 2024, "median_price_m2": 3186.06, "annual_transactions": 82, "population": 6283.0, "working_age_share": 0.56, "vacancy_rate": 7.19, "known_as_of": "2026-05-18", "location_note": "median of geocoded transactions, not the official centroid"}}, {"type": "Feature", "geometry": {"type": "Point", "coordinates": [3.278428, 43.483626]}, "properties": {"unit_id": "34214", "vintage": 2024, "median_price_m2": 2110.0, "annual_transactions": 25, "population": 1190.0, "working_age_share": 0.52, "vacancy_rate": 13.02, "known_as_of": "2026-05-18", "location_note": "median of geocoded transactions, not the official centroid"}}, {"type": "Feature", "geometry": {"type": "Point", "coordinates": [3.513378, 43.617851]}, "properties": {"unit_id": "34215", "vintage": 2024, "median_price_m2": 2612.54, "annual_transactions": 9, "population": 957.0, "working_age_share": 0.55, "vacancy_rate": 4.94, "known_as_of": "2026-05-18", "location_note": "median of geocoded transactions, not the official centroid"}}, {"type": "Feature", "geometry": {"type": "Point", "coordinates": [3.1011784999999996, 43.625009000000006]}, "properties": {"unit_id": "34216", "vintage": 2024, "median_price_m2": 2261.15, "annual_transactions": 3, "population": 328.0, "working_age_share": 0.48, "vacancy_rate": 3.59, "known_as_of": "2026-05-18", "location_note": "median of geocoded transactions, not the official centroid"}}, {"type": "Feature", "geometry": {"type": "Point", "coordinates": [3.866565, 43.693973]}, "properties": {"unit_id": "34217", "vintage": 2024, "median_price_m2": 4080.88, "annual_transactions": 44, "population": 6107.0, "working_age_share": 0.57, "vacancy_rate": 4.6, "known_as_of": "2026-05-18", "location_note": "median of geocoded transactions, not the official centroid"}}, {"type": "Feature", "geometry": {"type": "Point", "coordinates": [2.9867135, 43.4473175]}, "properties": {"unit_id": "34218", "vintage": 2024, "median_price_m2": 1136.36, "annual_transactions": 5, "population": 349.0, "working_age_share": 0.49, "vacancy_rate": 7.95, "known_as_of": "2026-05-18", "location_note": "median of geocoded transactions, not the official centroid"}}, {"type": "Feature", "geometry": {"type": "Point", "coordinates": [2.830264, 43.525038]}, "properties": {"unit_id": "34219", "vintage": 2024, "median_price_m2": 1008.57, "annual_transactions": 6, "population": 493.0, "working_age_share": 0.47, "vacancy_rate": 7.93, "known_as_of": "2026-05-18", "location_note": "median of geocoded transactions, not the official centroid"}}, {"type": "Feature", "geometry": {"type": "Point", "coordinates": [3.324943, 43.691857]}, "properties": {"unit_id": "34220", "vintage": 2024, "median_price_m2": 1832.89, "annual_transactions": 2, "population": 257.0, "working_age_share": 0.5, "vacancy_rate": 2.58, "known_as_of": "2026-05-18", "location_note": "median of geocoded transactions, not the official centroid"}}, {"type": "Feature", "geometry": {"type": "Point", "coordinates": [3.6174795, 43.7142705]}, "properties": {"unit_id": "34221", "vintage": 2024, "median_price_m2": 2070.42, "annual_transactions": 9, "population": 504.0, "working_age_share": 0.54, "vacancy_rate": 15.32, "known_as_of": "2026-05-18", "location_note": "median of geocoded transactions, not the official centroid"}}, {"type": "Feature", "geometry": {"type": "Point", "coordinates": [3.506945, 43.567242]}, "properties": {"unit_id": "34222", "vintage": 2024, "median_price_m2": 2988.89, "annual_transactions": 7, "population": 638.0, "working_age_share": 0.55, "vacancy_rate": 2.12, "known_as_of": "2026-05-18", "location_note": "median of geocoded transactions, not the official centroid"}}, {"type": "Feature", "geometry": {"type": "Point", "coordinates": [3.20721, 43.439689]}, "properties": {"unit_id": "34223", "vintage": 2024, "median_price_m2": 2703.9, "annual_transactions": 18, "population": 1196.0, "working_age_share": 0.51, "vacancy_rate": 2.76, "known_as_of": "2026-05-18", "location_note": "median of geocoded transactions, not the official centroid"}}, {"type": "Feature", "geometry": {"type": "Point", "coordinates": [3.236144, 43.457989]}, "properties": {"unit_id": "34224", "vintage": 2024, "median_price_m2": 2446.82, "annual_transactions": 22, "population": 1350.0, "working_age_share": 0.5, "vacancy_rate": 9.44, "known_as_of": "2026-05-18", "location_note": "median of geocoded transactions, not the official centroid"}}, {"type": "Feature", "geometry": {"type": "Point", "coordinates": [3.0391405000000002, 43.367768999999996]}, "properties": {"unit_id": "34225", "vintage": 2024, "median_price_m2": 1587.5, "annual_transactions": 57, "population": 3020.0, "working_age_share": 0.51, "vacancy_rate": 11.62, "known_as_of": "2026-05-18", "location_note": "median of geocoded transactions, not the official centroid"}}, {"type": "Feature", "geometry": {"type": "Point", "coordinates": [2.962222, 43.347052]}, "properties": {"unit_id": "34226", "vintage": 2024, "median_price_m2": 1686.05, "annual_transactions": 37, "population": 1791.0, "working_age_share": 0.5, "vacancy_rate": 6.21, "known_as_of": "2026-05-18", "location_note": "median of geocoded transactions, not the official centroid"}}, {"type": "Feature", "geometry": {"type": "Point", "coordinates": [4.037343, 43.722781]}, "properties": {"unit_id": "34227", "vintage": 2024, "median_price_m2": 3911.19, "annual_transactions": 19, "population": 2302.0, "working_age_share": 0.61, "vacancy_rate": 3.57, "known_as_of": "2026-05-18", "location_note": "median of geocoded transactions, not the official centroid"}}, {"type": "Feature", "geometry": {"type": "Point", "coordinates": [2.7240895, 43.4225555]}, "properties": {"unit_id": "34228", "vintage": 2024, "median_price_m2": 1018.52, "annual_transactions": 1, "population": 82.0, "working_age_share": 0.44, "vacancy_rate": 7.84, "known_as_of": "2026-05-18", "location_note": "median of geocoded transactions, not the official centroid"}}, {"type": "Feature", "geometry": {"type": "Point", "coordinates": [2.792879, 43.505384]}, "properties": {"unit_id": "34229", "vintage": 2024, "median_price_m2": 1094.89, "annual_transactions": 13, "population": 721.0, "working_age_share": 0.47, "vacancy_rate": 19.85, "known_as_of": "2026-05-18", "location_note": "median of geocoded transactions, not the official centroid"}}, {"type": "Feature", "geometry": {"type": "Point", "coordinates": [3.269136, 43.842339]}, "properties": {"unit_id": "34230", "vintage": 2024, "median_price_m2": 2613.82, "annual_transactions": 2, "population": 152.0, "working_age_share": 0.49, "vacancy_rate": 10.13, "known_as_of": "2026-05-18", "location_note": "median of geocoded transactions, not the official centroid"}}, {"type": "Feature", "geometry": {"type": "Point", "coordinates": [3.029116, 43.501028]}, "properties": {"unit_id": "34232", "vintage": 2024, "median_price_m2": 2140.95, "annual_transactions": 18, "population": 604.0, "working_age_share": 0.45, "vacancy_rate": 1.31, "known_as_of": "2026-05-18", "location_note": "median of geocoded transactions, not the official centroid"}}, {"type": "Feature", "geometry": {"type": "Point", "coordinates": [3.212617, 43.800649]}, "properties": {"unit_id": "34233", "vintage": 2024, "median_price_m2": 2092.32, "annual_transactions": 2, "population": 212.0, "working_age_share": 0.52, "vacancy_rate": 0.84, "known_as_of": "2026-05-18", "location_note": "median of geocoded transactions, not the official centroid"}}, {"type": "Feature", "geometry": {"type": "Point", "coordinates": [3.2239095, 43.5516195]}, "properties": {"unit_id": "34234", "vintage": 2024, "median_price_m2": 1245.42, "annual_transactions": 6, "population": 102.0, "working_age_share": 0.5, "vacancy_rate": 6.06, "known_as_of": "2026-05-18", "location_note": "median of geocoded transactions, not the official centroid"}}, {"type": "Feature", "geometry": {"type": "Point", "coordinates": [3.0118955, 43.642596999999995]}, "properties": {"unit_id": "34235", "vintage": 2024, "median_price_m2": 2275.32, "annual_transactions": 6, "population": 264.0, "working_age_share": 0.41, "vacancy_rate": 8.49, "known_as_of": "2026-05-18", "location_note": "median of geocoded transactions, not the official centroid"}}, {"type": "Feature", "geometry": {"type": "Point", "coordinates": [3.794457, 43.824412]}, "properties": {"unit_id": "34236", "vintage": 2024, "median_price_m2": 6603.77, "annual_transactions": 1, "population": 68.0, "working_age_share": 0.6, "vacancy_rate": 9.09, "known_as_of": "2026-05-18", "location_note": "median of geocoded transactions, not the official centroid"}}, {"type": "Feature", "geometry": {"type": "Point", "coordinates": [3.310994, 43.5046755]}, "properties": {"unit_id": "34237", "vintage": 2024, "median_price_m2": 2097.48, "annual_transactions": 48, "population": 2260.0, "working_age_share": 0.46, "vacancy_rate": 2.26, "known_as_of": "2026-05-18", "location_note": "median of geocoded transactions, not the official centroid"}}, {"type": "Feature", "geometry": {"type": "Point", "coordinates": [3.648183, 43.8453995]}, "properties": {"unit_id": "34238", "vintage": 2024, "median_price_m2": 12008.93, "annual_transactions": 4, "population": 43.0, "working_age_share": 0.38, "vacancy_rate": 0.0, "known_as_of": "2026-05-18", "location_note": "median of geocoded transactions, not the official centroid"}}, {"type": "Feature", "geometry": {"type": "Point", "coordinates": [3.504485, 43.648775]}, "properties": {"unit_id": "34239", "vintage": 2024, "median_price_m2": 2484.21, "annual_transactions": 67, "population": 6344.0, "working_age_share": 0.54, "vacancy_rate": 8.62, "known_as_of": "2026-05-18", "location_note": "median of geocoded transactions, not the official centroid"}}, {"type": "Feature", "geometry": {"type": "Point", "coordinates": [3.9630609999999997, 43.641417000000004]}, "properties": {"unit_id": "34240", "vintage": 2024, "median_price_m2": 3692.97, "annual_transactions": 48, "population": 4136.0, "working_age_share": 0.58, "vacancy_rate": 5.03, "known_as_of": "2026-05-18", "location_note": "median of geocoded transactions, not the official centroid"}}, {"type": "Feature", "geometry": {"type": "Point", "coordinates": [3.546819, 43.617059999999995]}, "properties": {"unit_id": "34241", "vintage": 2024, "median_price_m2": 2243.56, "annual_transactions": 5, "population": 922.0, "working_age_share": 0.52, "vacancy_rate": 9.37, "known_as_of": "2026-05-18", "location_note": "median of geocoded transactions, not the official centroid"}}, {"type": "Feature", "geometry": {"type": "Point", "coordinates": [3.957858, 43.769646]}, "properties": {"unit_id": "34242", "vintage": 2024, "median_price_m2": 3403.51, "annual_transactions": 9, "population": 1178.0, "working_age_share": 0.55, "vacancy_rate": 8.69, "known_as_of": "2026-05-18", "location_note": "median of geocoded transactions, not the official centroid"}}, {"type": "Feature", "geometry": {"type": "Point", "coordinates": [3.7360145, 43.895195]}, "properties": {"unit_id": "34243", "vintage": 2024, "median_price_m2": 2828.08, "annual_transactions": 21, "population": 1911.0, "working_age_share": 0.55, "vacancy_rate": 12.31, "known_as_of": "2026-05-18", "location_note": "median of geocoded transactions, not the official centroid"}}, {"type": "Feature", "geometry": {"type": "Point", "coordinates": [4.037294, 43.668859]}, "properties": {"unit_id": "34244", "vintage": 2024, "median_price_m2": 3882.0, "annual_transactions": 34, "population": 3378.0, "working_age_share": 0.61, "vacancy_rate": 5.51, "known_as_of": "2026-05-18", "location_note": "median of geocoded transactions, not the official centroid"}}, {"type": "Feature", "geometry": {"type": "Point", "coordinates": [2.9459109999999997, 43.422188500000004]}, "properties": {"unit_id": "34245", "vintage": 2024, "median_price_m2": 1664.04, "annual_transactions": 36, "population": 1740.0, "working_age_share": 0.41, "vacancy_rate": 27.07, "known_as_of": "2026-05-18", "location_note": "median of geocoded transactions, not the official centroid"}}, {"type": "Feature", "geometry": {"type": "Point", "coordinates": [4.0794155, 43.727084500000004]}, "properties": {"unit_id": "34246", "vintage": 2024, "median_price_m2": 3414.57, "annual_transactions": 10, "population": 2160.0, "working_age_share": 0.57, "vacancy_rate": 5.69, "known_as_of": "2026-05-18", "location_note": "median of geocoded transactions, not the official centroid"}}, {"type": "Feature", "geometry": {"type": "Point", "coordinates": [3.8456184999999996, 43.68278]}, "properties": {"unit_id": "34247", "vintage": 2024, "median_price_m2": 4545.45, "annual_transactions": 45, "population": 5058.0, "working_age_share": 0.48, "vacancy_rate": 5.36, "known_as_of": "2026-05-18", "location_note": "median of geocoded transactions, not the official centroid"}}, {"type": "Feature", "geometry": {"type": "Point", "coordinates": [3.908703, 43.772498]}, "properties": {"unit_id": "34248", "vintage": 2024, "median_price_m2": 4149.62, "annual_transactions": 4, "population": 955.0, "working_age_share": 0.59, "vacancy_rate": 3.69, "known_as_of": "2026-05-18", "location_note": "median of geocoded transactions, not the official centroid"}}, {"type": "Feature", "geometry": {"type": "Point", "coordinates": [3.9804835, 43.7325955]}, "properties": {"unit_id": "34249", "vintage": 2024, "median_price_m2": 3709.68, "annual_transactions": 35, "population": 2882.0, "working_age_share": 0.59, "vacancy_rate": 4.94, "known_as_of": "2026-05-18", "location_note": "median of geocoded transactions, not the official centroid"}}, {"type": "Feature", "geometry": {"type": "Point", "coordinates": [2.8562335, 43.532086]}, "properties": {"unit_id": "34250", "vintage": 2024, "median_price_m2": 1330.0, "annual_transactions": 9, "population": 300.0, "working_age_share": 0.45, "vacancy_rate": 12.17, "known_as_of": "2026-05-18", "location_note": "median of geocoded transactions, not the official centroid"}}, {"type": "Feature", "geometry": {"type": "Point", "coordinates": [3.378103, 43.770645]}, "properties": {"unit_id": "34251", "vintage": 2024, "median_price_m2": 2549.5, "annual_transactions": 9, "population": 522.0, "working_age_share": 0.52, "vacancy_rate": 2.71, "known_as_of": "2026-05-18", "location_note": "median of geocoded transactions, not the official centroid"}}, {"type": "Feature", "geometry": {"type": "Point", "coordinates": [3.1037365, 43.66472]}, "properties": {"unit_id": "34252", "vintage": 2024, "median_price_m2": 1804.88, "annual_transactions": 15, "population": 254.0, "working_age_share": 0.47, "vacancy_rate": 21.56, "known_as_of": "2026-05-18", "location_note": "median of geocoded transactions, not the official centroid"}}, {"type": "Feature", "geometry": {"type": "Point", "coordinates": [3.4593485, 43.6623785]}, "properties": {"unit_id": "34254", "vintage": 2024, "median_price_m2": 2993.26, "annual_transactions": 8, "population": 1149.0, "working_age_share": 0.58, "vacancy_rate": 10.38, "known_as_of": "2026-05-18", "location_note": "median of geocoded transactions, not the official centroid"}}, {"type": "Feature", "geometry": {"type": "Point", "coordinates": [3.806596, 43.6905705]}, "properties": {"unit_id": "34255", "vintage": 2024, "median_price_m2": 4277.21, "annual_transactions": 124, "population": 10537.0, "working_age_share": 0.52, "vacancy_rate": 3.0, "known_as_of": "2026-05-18", "location_note": "median of geocoded transactions, not the official centroid"}}, {"type": "Feature", "geometry": {"type": "Point", "coordinates": [4.0332235, 43.6967085]}, "properties": {"unit_id": "34256", "vintage": 2024, "median_price_m2": 3470.51, "annual_transactions": 16, "population": 2077.0, "working_age_share": 0.55, "vacancy_rate": 8.36, "known_as_of": "2026-05-18", "location_note": "median of geocoded transactions, not the official centroid"}}, {"type": "Feature", "geometry": {"type": "Point", "coordinates": [3.0038795, 43.6790205]}, "properties": {"unit_id": "34257", "vintage": 2024, "median_price_m2": 1101.24, "annual_transactions": 4, "population": 216.0, "working_age_share": 0.55, "vacancy_rate": 2.72, "known_as_of": "2026-05-18", "location_note": "median of geocoded transactions, not the official centroid"}}, {"type": "Feature", "geometry": {"type": "Point", "coordinates": [3.1783384999999997, 43.4684405]}, "properties": {"unit_id": "34258", "vintage": 2024, "median_price_m2": 2357.89, "annual_transactions": 26, "population": 1682.0, "working_age_share": 0.51, "vacancy_rate": 5.55, "known_as_of": "2026-05-18", "location_note": "median of geocoded transactions, not the official centroid"}}, {"type": "Feature", "geometry": {"type": "Point", "coordinates": [3.779768, 43.6119955]}, "properties": {"unit_id": "34259", "vintage": 2024, "median_price_m2": 3028.85, "annual_transactions": 76, "population": 5600.0, "working_age_share": 0.54, "vacancy_rate": 9.9, "known_as_of": "2026-05-18", "location_note": "median of geocoded transactions, not the official centroid"}}, {"type": "Feature", "geometry": {"type": "Point", "coordinates": [3.040754, 43.653269]}, "properties": {"unit_id": "34260", "vintage": 2024, "median_price_m2": 1190.48, "annual_transactions": 19, "population": 843.0, "working_age_share": 0.4, "vacancy_rate": 11.65, "known_as_of": "2026-05-18", "location_note": "median of geocoded transactions, not the official centroid"}}, {"type": "Feature", "geometry": {"type": "Point", "coordinates": [3.549107, 43.734036]}, "properties": {"unit_id": "34261", "vintage": 2024, "median_price_m2": 2963.28, "annual_transactions": 5, "population": 244.0, "working_age_share": 0.55, "vacancy_rate": 4.49, "known_as_of": "2026-05-18", "location_note": "median of geocoded transactions, not the official centroid"}}, {"type": "Feature", "geometry": {"type": "Point", "coordinates": [3.454401, 43.677048]}, "properties": {"unit_id": "34262", "vintage": 2024, "median_price_m2": 6975.71, "annual_transactions": 2, "population": 265.0, "working_age_share": 0.48, "vacancy_rate": 9.93, "known_as_of": "2026-05-18", "location_note": "median of geocoded transactions, not the official centroid"}}, {"type": "Feature", "geometry": {"type": "Point", "coordinates": [4.015607, 43.7576435]}, "properties": {"unit_id": "34263", "vintage": 2024, "median_price_m2": 3711.03, "annual_transactions": 4, "population": 444.0, "working_age_share": 0.59, "vacancy_rate": 3.78, "known_as_of": "2026-05-18", "location_note": "median of geocoded transactions, not the official centroid"}}, {"type": "Feature", "geometry": {"type": "Point", "coordinates": [3.617847, 43.8280955]}, "properties": {"unit_id": "34264", "vintage": 2024, "median_price_m2": 2368.0, "annual_transactions": 1, "population": 211.0, "working_age_share": 0.5, "vacancy_rate": 4.46, "known_as_of": "2026-05-18", "location_note": "median of geocoded transactions, not the official centroid"}}, {"type": "Feature", "geometry": {"type": "Point", "coordinates": [4.000128, 43.743959]}, "properties": {"unit_id": "34265", "vintage": 2024, "median_price_m2": 4711.12, "annual_transactions": 2, "population": 809.0, "working_age_share": 0.57, "vacancy_rate": 3.5, "known_as_of": "2026-05-18", "location_note": "median of geocoded transactions, not the official centroid"}}, {"type": "Feature", "geometry": {"type": "Point", "coordinates": [3.834063, 43.74687]}, "properties": {"unit_id": "34266", "vintage": 2024, "median_price_m2": 3558.16, "annual_transactions": 6, "population": 525.0, "working_age_share": 0.58, "vacancy_rate": 9.61, "known_as_of": "2026-05-18", "location_note": "median of geocoded transactions, not the official centroid"}}, {"type": "Feature", "geometry": {"type": "Point", "coordinates": [3.5520345, 43.701088]}, "properties": {"unit_id": "34267", "vintage": 2024, "median_price_m2": 3109.77, "annual_transactions": 16, "population": 1741.0, "working_age_share": 0.52, "vacancy_rate": 9.54, "known_as_of": "2026-05-18", "location_note": "median of geocoded transactions, not the official centroid"}}, {"type": "Feature", "geometry": {"type": "Point", "coordinates": [3.423412, 43.714976]}, "properties": {"unit_id": "34268", "vintage": 2024, "median_price_m2": 2298.89, "annual_transactions": 6, "population": 675.0, "working_age_share": 0.54, "vacancy_rate": 6.06, "known_as_of": "2026-05-18", "location_note": "median of geocoded transactions, not the official centroid"}}, {"type": "Feature", "geometry": {"type": "Point", "coordinates": [2.831767, 43.386421999999996]}, "properties": {"unit_id": "34269", "vintage": 2024, "median_price_m2": 1250.0, "annual_transactions": 5, "population": 137.0, "working_age_share": 0.38, "vacancy_rate": 12.4, "known_as_of": "2026-05-18", "location_note": "median of geocoded transactions, not the official centroid"}}, {"type": "Feature", "geometry": {"type": "Point", "coordinates": [3.830107, 43.574885]}, "properties": {"unit_id": "34270", "vintage": 2024, "median_price_m2": 4049.26, "annual_transactions": 146, "population": 12570.0, "working_age_share": 0.56, "vacancy_rate": 4.67, "known_as_of": "2026-05-18", "location_note": "median of geocoded transactions, not the official centroid"}}, {"type": "Feature", "geometry": {"type": "Point", "coordinates": [2.9249479999999997, 43.570235]}, "properties": {"unit_id": "34271", "vintage": 2024, "median_price_m2": 1007.33, "annual_transactions": 4, "population": 222.0, "working_age_share": 0.52, "vacancy_rate": 5.8, "known_as_of": "2026-05-18", "location_note": "median of geocoded transactions, not the official centroid"}}, {"type": "Feature", "geometry": {"type": "Point", "coordinates": [4.1165769999999995, 43.656349500000005]}, "properties": {"unit_id": "34272", "vintage": 2024, "median_price_m2": 3676.92, "annual_transactions": 15, "population": 3282.0, "working_age_share": 0.58, "vacancy_rate": 3.74, "known_as_of": "2026-05-18", "location_note": "median of geocoded transactions, not the official centroid"}}, {"type": "Feature", "geometry": {"type": "Point", "coordinates": [2.9846399999999997, 43.5750145]}, "properties": {"unit_id": "34273", "vintage": 2024, "median_price_m2": 2968.61, "annual_transactions": 1, "population": 116.0, "working_age_share": 0.46, "vacancy_rate": 3.42, "known_as_of": "2026-05-18", "location_note": "median of geocoded transactions, not the official centroid"}}, {"type": "Feature", "geometry": {"type": "Point", "coordinates": [3.71415, 43.779637]}, "properties": {"unit_id": "34274", "vintage": 2024, "median_price_m2": 3249.48, "annual_transactions": 21, "population": 2759.0, "working_age_share": 0.56, "vacancy_rate": 6.34, "known_as_of": "2026-05-18", "location_note": "median of geocoded transactions, not the official centroid"}}, {"type": "Feature", "geometry": {"type": "Point", "coordinates": [3.865855, 43.766861]}, "properties": {"unit_id": "34276", "vintage": 2024, "median_price_m2": 3714.29, "annual_transactions": 29, "population": 4896.0, "working_age_share": 0.58, "vacancy_rate": 4.4, "known_as_of": "2026-05-18", "location_note": "median of geocoded transactions, not the official centroid"}}, {"type": "Feature", "geometry": {"type": "Point", "coordinates": [3.513029, 43.853091]}, "properties": {"unit_id": "34277", "vintage": 2024, "median_price_m2": 988.79, "annual_transactions": 4, "population": 182.0, "working_age_share": 0.5, "vacancy_rate": 8.91, "known_as_of": "2026-05-18", "location_note": "median of geocoded transactions, not the official centroid"}}, {"type": "Feature", "geometry": {"type": "Point", "coordinates": [3.385492, 43.855748]}, "properties": {"unit_id": "34278", "vintage": 2024, "median_price_m2": 2142.86, "annual_transactions": 1, "population": 58.0, "working_age_share": 0.47, "vacancy_rate": 8.66, "known_as_of": "2026-05-18", "location_note": "median of geocoded transactions, not the official centroid"}}, {"type": "Feature", "geometry": {"type": "Point", "coordinates": [3.0756485, 43.509281]}, "properties": {"unit_id": "34279", "vintage": 2024, "median_price_m2": 1179.22, "annual_transactions": 8, "population": 321.0, "working_age_share": 0.47, "vacancy_rate": 37.87, "known_as_of": "2026-05-18", "location_note": "median of geocoded transactions, not the official centroid"}}, {"type": "Feature", "geometry": {"type": "Point", "coordinates": [4.118581, 43.64387]}, "properties": {"unit_id": "34280", "vintage": 2024, "median_price_m2": 4573.21, "annual_transactions": 7, "population": 613.0, "working_age_share": 0.53, "vacancy_rate": 8.87, "known_as_of": "2026-05-18", "location_note": "median of geocoded transactions, not the official centroid"}}, {"type": "Feature", "geometry": {"type": "Point", "coordinates": [3.5196275000000004, 43.52844399999999]}, "properties": {"unit_id": "34281", "vintage": 2024, "median_price_m2": 2682.86, "annual_transactions": 37, "population": 2378.0, "working_age_share": 0.51, "vacancy_rate": 13.07, "known_as_of": "2026-05-18", "location_note": "median of geocoded transactions, not the official centroid"}}, {"type": "Feature", "geometry": {"type": "Point", "coordinates": [3.680306, 43.626082]}, "properties": {"unit_id": "34282", "vintage": 2024, "median_price_m2": 3077.82, "annual_transactions": 16, "population": 1342.0, "working_age_share": 0.55, "vacancy_rate": 5.04, "known_as_of": "2026-05-18", "location_note": "median of geocoded transactions, not the official centroid"}}, {"type": "Feature", "geometry": {"type": "Point", "coordinates": [2.760662, 43.488077000000004]}, "properties": {"unit_id": "34284", "vintage": 2024, "median_price_m2": 1250.73, "annual_transactions": 36, "population": 1735.0, "working_age_share": 0.44, "vacancy_rate": 27.59, "known_as_of": "2026-05-18", "location_note": "median of geocoded transactions, not the official centroid"}}, {"type": "Feature", "geometry": {"type": "Point", "coordinates": [3.5140685, 43.512672]}, "properties": {"unit_id": "34285", "vintage": 2024, "median_price_m2": 1783.78, "annual_transactions": 10, "population": 635.0, "working_age_share": 0.52, "vacancy_rate": 5.71, "known_as_of": "2026-05-18", "location_note": "median of geocoded transactions, not the official centroid"}}, {"type": "Feature", "geometry": {"type": "Point", "coordinates": [3.426167, 43.752857]}, "properties": {"unit_id": "34286", "vintage": 2024, "median_price_m2": 1000.0, "annual_transactions": 7, "population": 436.0, "working_age_share": 0.52, "vacancy_rate": 8.47, "known_as_of": "2026-05-18", "location_note": "median of geocoded transactions, not the official centroid"}}, {"type": "Feature", "geometry": {"type": "Point", "coordinates": [3.470701, 43.6943895]}, "properties": {"unit_id": "34287", "vintage": 2024, "median_price_m2": 1249.68, "annual_transactions": 2, "population": 276.0, "working_age_share": 0.58, "vacancy_rate": 26.01, "known_as_of": "2026-05-18", "location_note": "median of geocoded transactions, not the official centroid"}}, {"type": "Feature", "geometry": {"type": "Point", "coordinates": [4.105528, 43.731374]}, "properties": {"unit_id": "34288", "vintage": 2024, "median_price_m2": 3591.3, "annual_transactions": 11, "population": 973.0, "working_age_share": 0.58, "vacancy_rate": 5.71, "known_as_of": "2026-05-18", "location_note": "median of geocoded transactions, not the official centroid"}}, {"type": "Feature", "geometry": {"type": "Point", "coordinates": [3.4170045, 43.396542]}, "properties": {"unit_id": "34289", "vintage": 2024, "median_price_m2": 2398.06, "annual_transactions": 61, "population": 2963.0, "working_age_share": 0.54, "vacancy_rate": 12.05, "known_as_of": "2026-05-18", "location_note": "median of geocoded transactions, not the official centroid"}}, {"type": "Feature", "geometry": {"type": "Point", "coordinates": [3.878969, 43.704627]}, "properties": {"unit_id": "34290", "vintage": 2024, "median_price_m2": 5204.08, "annual_transactions": 3, "population": 753.0, "working_age_share": 0.53, "vacancy_rate": 4.19, "known_as_of": "2026-05-18", "location_note": "median of geocoded transactions, not the official centroid"}}, {"type": "Feature", "geometry": {"type": "Point", "coordinates": [2.881489, 43.560052]}, "properties": {"unit_id": "34291", "vintage": 2024, "median_price_m2": 1848.54, "annual_transactions": 6, "population": 356.0, "working_age_share": 0.45, "vacancy_rate": 4.66, "known_as_of": "2026-05-18", "location_note": "median of geocoded transactions, not the official centroid"}}, {"type": "Feature", "geometry": {"type": "Point", "coordinates": [3.3170565, 43.620517500000005]}, "properties": {"unit_id": "34292", "vintage": 2024, "median_price_m2": 2389.11, "annual_transactions": 4, "population": 328.0, "working_age_share": 0.5, "vacancy_rate": 12.09, "known_as_of": "2026-05-18", "location_note": "median of geocoded transactions, not the official centroid"}}, {"type": "Feature", "geometry": {"type": "Point", "coordinates": [2.686271, 43.604494]}, "properties": {"unit_id": "34293", "vintage": 2024, "median_price_m2": 1466.67, "annual_transactions": 43, "population": 1121.0, "working_age_share": 0.45, "vacancy_rate": 5.41, "known_as_of": "2026-05-18", "location_note": "median of geocoded transactions, not the official centroid"}}, {"type": "Feature", "geometry": {"type": "Point", "coordinates": [4.113226, 43.7218295]}, "properties": {"unit_id": "34294", "vintage": 2024, "median_price_m2": 3097.05, "annual_transactions": 6, "population": 1018.0, "working_age_share": 0.63, "vacancy_rate": 6.71, "known_as_of": "2026-05-18", "location_note": "median of geocoded transactions, not the official centroid"}}, {"type": "Feature", "geometry": {"type": "Point", "coordinates": [3.776676, 43.569015]}, "properties": {"unit_id": "34295", "vintage": 2024, "median_price_m2": 3463.43, "annual_transactions": 21, "population": 1783.0, "working_age_share": 0.56, "vacancy_rate": 1.88, "known_as_of": "2026-05-18", "location_note": "median of geocoded transactions, not the official centroid"}}, {"type": "Feature", "geometry": {"type": "Point", "coordinates": [4.056794999999999, 43.762459]}, "properties": {"unit_id": "34296", "vintage": 2024, "median_price_m2": 3195.45, "annual_transactions": 9, "population": 985.0, "working_age_share": 0.56, "vacancy_rate": 4.57, "known_as_of": "2026-05-18", "location_note": "median of geocoded transactions, not the official centroid"}}, {"type": "Feature", "geometry": {"type": "Point", "coordinates": [3.921295, 43.820633]}, "properties": {"unit_id": "34297", "vintage": 2024, "median_price_m2": 1309.52, "annual_transactions": 10, "population": 429.0, "working_age_share": 0.56, "vacancy_rate": 4.68, "known_as_of": "2026-05-18", "location_note": "median of geocoded transactions, not the official centroid"}}, {"type": "Feature", "geometry": {"type": "Point", "coordinates": [3.255292, 43.29192]}, "properties": {"unit_id": "34298", "vintage": 2024, "median_price_m2": 3058.64, "annual_transactions": 64, "population": 5459.0, "working_age_share": 0.48, "vacancy_rate": 5.03, "known_as_of": "2026-05-18", "location_note": "median of geocoded transactions, not the official centroid"}}, {"type": "Feature", "geometry": {"type": "Point", "coordinates": [3.2750690000000002, 43.2747745]}, "properties": {"unit_id": "34299", "vintage": 2024, "median_price_m2": 2950.0, "annual_transactions": 139, "population": 8123.0, "working_age_share": 0.44, "vacancy_rate": 7.21, "known_as_of": "2026-05-18", "location_note": "median of geocoded transactions, not the official centroid"}}, {"type": "Feature", "geometry": {"type": "Point", "coordinates": [3.300428, 43.426995500000004]}, "properties": {"unit_id": "34300", "vintage": 2024, "median_price_m2": 2327.49, "annual_transactions": 72, "population": 5337.0, "working_age_share": 0.54, "vacancy_rate": 8.62, "known_as_of": "2026-05-18", "location_note": "median of geocoded transactions, not the official centroid"}}, {"type": "Feature", "geometry": {"type": "Point", "coordinates": [3.690898, 43.404827]}, "properties": {"unit_id": "34301", "vintage": 2024, "median_price_m2": 3587.05, "annual_transactions": 1056, "population": 44712.0, "working_age_share": 0.47, "vacancy_rate": 6.08, "known_as_of": "2026-05-18", "location_note": "median of geocoded transactions, not the official centroid"}}, {"type": "Feature", "geometry": {"type": "Point", "coordinates": [2.661445, 43.313709]}, "properties": {"unit_id": "34302", "vintage": 2024, "median_price_m2": 1854.82, "annual_transactions": 22, "population": 746.0, "working_age_share": 0.42, "vacancy_rate": 9.05, "known_as_of": "2026-05-18", "location_note": "median of geocoded transactions, not the official centroid"}}, {"type": "Feature", "geometry": {"type": "Point", "coordinates": [3.400859, 43.894335999999996]}, "properties": {"unit_id": "34303", "vintage": 2024, "median_price_m2": 2488.89, "annual_transactions": 3, "population": 40.0, "working_age_share": 0.46, "vacancy_rate": 14.88, "known_as_of": "2026-05-18", "location_note": "median of geocoded transactions, not the official centroid"}}, {"type": "Feature", "geometry": {"type": "Point", "coordinates": [3.345774, 43.766698]}, "properties": {"unit_id": "34304", "vintage": 2024, "median_price_m2": 2778.57, "annual_transactions": 6, "population": 943.0, "working_age_share": 0.49, "vacancy_rate": 10.32, "known_as_of": "2026-05-18", "location_note": "median of geocoded transactions, not the official centroid"}}, {"type": "Feature", "geometry": {"type": "Point", "coordinates": [2.68869, 43.546905]}, "properties": {"unit_id": "34305", "vintage": 2024, "median_price_m2": 3137.54, "annual_transactions": 4, "population": 128.0, "working_age_share": 0.47, "vacancy_rate": 5.72, "known_as_of": "2026-05-18", "location_note": "median of geocoded transactions, not the official centroid"}}, {"type": "Feature", "geometry": {"type": "Point", "coordinates": [3.350011, 43.730334]}, "properties": {"unit_id": "34306", "vintage": 2024, "median_price_m2": 7624.23, "annual_transactions": 2, "population": 221.0, "working_age_share": 0.53, "vacancy_rate": 4.44, "known_as_of": "2026-05-18", "location_note": "median of geocoded transactions, not the official centroid"}}, {"type": "Feature", "geometry": {"type": "Point", "coordinates": [4.00297, 43.7127105]}, "properties": {"unit_id": "34307", "vintage": 2024, "median_price_m2": 3847.01, "annual_transactions": 26, "population": 2824.0, "working_age_share": 0.55, "vacancy_rate": 3.88, "known_as_of": "2026-05-18", "location_note": "median of geocoded transactions, not the official centroid"}}, {"type": "Feature", "geometry": {"type": "Point", "coordinates": [3.080298, 43.620938]}, "properties": {"unit_id": "34308", "vintage": 2024, "median_price_m2": 2151.73, "annual_transactions": 6, "population": 459.0, "working_age_share": 0.52, "vacancy_rate": 5.35, "known_as_of": "2026-05-18", "location_note": "median of geocoded transactions, not the official centroid"}}, {"type": "Feature", "geometry": {"type": "Point", "coordinates": [3.925019, 43.683355]}, "properties": {"unit_id": "34309", "vintage": 2024, "median_price_m2": 4130.43, "annual_transactions": 41, "population": 4685.0, "working_age_share": 0.48, "vacancy_rate": 3.55, "known_as_of": "2026-05-18", "location_note": "median of geocoded transactions, not the official centroid"}}, {"type": "Feature", "geometry": {"type": "Point", "coordinates": [3.1695, 43.421441]}, "properties": {"unit_id": "34310", "vintage": 2024, "median_price_m2": 2200.0, "annual_transactions": 51, "population": 3062.0, "working_age_share": 0.52, "vacancy_rate": 5.58, "known_as_of": "2026-05-18", "location_note": "median of geocoded transactions, not the official centroid"}}, {"type": "Feature", "geometry": {"type": "Point", "coordinates": [3.378722, 43.446231]}, "properties": {"unit_id": "34311", "vintage": 2024, "median_price_m2": 2787.59, "annual_transactions": 36, "population": 1829.0, "working_age_share": 0.51, "vacancy_rate": 10.23, "known_as_of": "2026-05-18", "location_note": "median of geocoded transactions, not the official centroid"}}, {"type": "Feature", "geometry": {"type": "Point", "coordinates": [3.150958, 43.652570499999996]}, "properties": {"unit_id": "34312", "vintage": 2024, "median_price_m2": 1912.18, "annual_transactions": 13, "population": 1324.0, "working_age_share": 0.48, "vacancy_rate": 8.28, "known_as_of": "2026-05-18", "location_note": "median of geocoded transactions, not the official centroid"}}, {"type": "Feature", "geometry": {"type": "Point", "coordinates": [3.490224, 43.574457]}, "properties": {"unit_id": "34313", "vintage": 2024, "median_price_m2": 1587.09, "annual_transactions": 9, "population": 684.0, "working_age_share": 0.64, "vacancy_rate": 9.92, "known_as_of": "2026-05-18", "location_note": "median of geocoded transactions, not the official centroid"}}, {"type": "Feature", "geometry": {"type": "Point", "coordinates": [3.853651, 43.740117]}, "properties": {"unit_id": "34314", "vintage": 2024, "median_price_m2": 3922.86, "annual_transactions": 5, "population": 663.0, "working_age_share": 0.58, "vacancy_rate": 4.5, "known_as_of": "2026-05-18", "location_note": "median of geocoded transactions, not the official centroid"}}, {"type": "Feature", "geometry": {"type": "Point", "coordinates": [3.46392, 43.518629]}, "properties": {"unit_id": "34315", "vintage": 2024, "median_price_m2": 2226.28, "annual_transactions": 6, "population": 438.0, "working_age_share": 0.53, "vacancy_rate": 5.33, "known_as_of": "2026-05-18", "location_note": "median of geocoded transactions, not the official centroid"}}, {"type": "Feature", "geometry": {"type": "Point", "coordinates": [3.402152, 43.723871]}, "properties": {"unit_id": "34316", "vintage": 2024, "median_price_m2": 1795.5, "annual_transactions": 1, "population": 241.0, "working_age_share": 0.55, "vacancy_rate": 11.21, "known_as_of": "2026-05-18", "location_note": "median of geocoded transactions, not the official centroid"}}, {"type": "Feature", "geometry": {"type": "Point", "coordinates": [3.4600045, 43.789469]}, "properties": {"unit_id": "34317", "vintage": 2024, "median_price_m2": 1685.56, "annual_transactions": 6, "population": 195.0, "working_age_share": 0.56, "vacancy_rate": 1.19, "known_as_of": "2026-05-18", "location_note": "median of geocoded transactions, not the official centroid"}}, {"type": "Feature", "geometry": {"type": "Point", "coordinates": [3.943169, 43.8421675]}, "properties": {"unit_id": "34318", "vintage": 2024, "median_price_m2": 2560.16, "annual_transactions": 6, "population": 741.0, "working_age_share": 0.61, "vacancy_rate": 4.25, "known_as_of": "2026-05-18", "location_note": "median of geocoded transactions, not the official centroid"}}, {"type": "Feature", "geometry": {"type": "Point", "coordinates": [3.302535, 43.552784]}, "properties": {"unit_id": "34319", "vintage": 2024, "median_price_m2": 1847.92, "annual_transactions": 2, "population": 145.0, "working_age_share": 0.45, "vacancy_rate": 9.77, "known_as_of": "2026-05-18", "location_note": "median of geocoded transactions, not the official centroid"}}, {"type": "Feature", "geometry": {"type": "Point", "coordinates": [3.721417, 43.669469]}, "properties": {"unit_id": "34320", "vintage": 2024, "median_price_m2": 3931.74, "annual_transactions": 13, "population": 2647.0, "working_age_share": 0.54, "vacancy_rate": 5.16, "known_as_of": "2026-05-18", "location_note": "median of geocoded transactions, not the official centroid"}}, {"type": "Feature", "geometry": {"type": "Point", "coordinates": [4.061615, 43.668254]}, "properties": {"unit_id": "34321", "vintage": 2024, "median_price_m2": 3535.56, "annual_transactions": 17, "population": 2107.0, "working_age_share": 0.59, "vacancy_rate": 3.64, "known_as_of": "2026-05-18", "location_note": "median of geocoded transactions, not the official centroid"}}, {"type": "Feature", "geometry": {"type": "Point", "coordinates": [3.871623, 43.801139]}, "properties": {"unit_id": "34322", "vintage": 2024, "median_price_m2": 3829.02, "annual_transactions": 8, "population": 784.0, "working_age_share": 0.52, "vacancy_rate": 5.84, "known_as_of": "2026-05-18", "location_note": "median of geocoded transactions, not the official centroid"}}, {"type": "Feature", "geometry": {"type": "Point", "coordinates": [3.288874, 43.610124]}, "properties": {"unit_id": "34323", "vintage": 2024, "median_price_m2": 2558.08, "annual_transactions": 1, "population": 48.0, "working_age_share": 0.52, "vacancy_rate": 6.61, "known_as_of": "2026-05-18", "location_note": "median of geocoded transactions, not the official centroid"}}, {"type": "Feature", "geometry": {"type": "Point", "coordinates": [3.285301, 43.246754]}, "properties": {"unit_id": "34324", "vintage": 2024, "median_price_m2": 3736.2, "annual_transactions": 261, "population": 4167.0, "working_age_share": 0.35, "vacancy_rate": 0.15, "known_as_of": "2026-05-18", "location_note": "median of geocoded transactions, not the official centroid"}}, {"type": "Feature", "geometry": {"type": "Point", "coordinates": [3.365507, 43.42019]}, "properties": {"unit_id": "34325", "vintage": 2024, "median_price_m2": 2145.62, "annual_transactions": 27, "population": 1645.0, "working_age_share": 0.49, "vacancy_rate": 9.17, "known_as_of": "2026-05-18", "location_note": "median of geocoded transactions, not the official centroid"}}, {"type": "Feature", "geometry": {"type": "Point", "coordinates": [2.735428, 43.384781]}, "properties": {"unit_id": "34326", "vintage": 2024, "median_price_m2": 1681.03, "annual_transactions": 2, "population": 97.0, "working_age_share": 0.51, "vacancy_rate": 0.0, "known_as_of": "2026-05-18", "location_note": "median of geocoded transactions, not the official centroid"}}, {"type": "Feature", "geometry": {"type": "Point", "coordinates": [3.97053, 43.656661]}, "properties": {"unit_id": "34327", "vintage": 2024, "median_price_m2": 4133.33, "annual_transactions": 63, "population": 7044.0, "working_age_share": 0.57, "vacancy_rate": 6.05, "known_as_of": "2026-05-18", "location_note": "median of geocoded transactions, not the official centroid"}}, {"type": "Feature", "geometry": {"type": "Point", "coordinates": [3.561406, 43.581201500000006]}, "properties": {"unit_id": "34328", "vintage": 2024, "median_price_m2": 2145.73, "annual_transactions": 12, "population": 1151.0, "working_age_share": 0.57, "vacancy_rate": 7.38, "known_as_of": "2026-05-18", "location_note": "median of geocoded transactions, not the official centroid"}}, {"type": "Feature", "geometry": {"type": "Point", "coordinates": [3.2571085, 43.2400455]}, "properties": {"unit_id": "34329", "vintage": 2024, "median_price_m2": 3055.56, "annual_transactions": 55, "population": 2736.0, "working_age_share": 0.51, "vacancy_rate": 0.79, "known_as_of": "2026-05-18", "location_note": "median of geocoded transactions, not the official centroid"}}, {"type": "Feature", "geometry": {"type": "Point", "coordinates": [2.6627280000000004, 43.453252]}, "properties": {"unit_id": "34331", "vintage": 2024, "median_price_m2": 1218.99, "annual_transactions": 4, "population": 91.0, "working_age_share": 0.5, "vacancy_rate": 3.14, "known_as_of": "2026-05-18", "location_note": "median of geocoded transactions, not the official centroid"}}, {"type": "Feature", "geometry": {"type": "Point", "coordinates": [3.417363, 43.309532]}, "properties": {"unit_id": "34332", "vintage": 2024, "median_price_m2": 2987.34, "annual_transactions": 184, "population": 5882.0, "working_age_share": 0.47, "vacancy_rate": 5.14, "known_as_of": "2026-05-18", "location_note": "median of geocoded transactions, not the official centroid"}}, {"type": "Feature", "geometry": {"type": "Point", "coordinates": [3.795073, 43.484904]}, "properties": {"unit_id": "34333", "vintage": 2024, "median_price_m2": 5128.38, "annual_transactions": 65, "population": 3416.0, "working_age_share": 0.57, "vacancy_rate": 5.35, "known_as_of": "2026-05-18", "location_note": "median of geocoded transactions, not the official centroid"}}, {"type": "Feature", "geometry": {"type": "Point", "coordinates": [3.003324, 43.5412]}, "properties": {"unit_id": "34334", "vintage": 2024, "median_price_m2": 1768.29, "annual_transactions": 11, "population": 269.0, "working_age_share": 0.38, "vacancy_rate": 17.39, "known_as_of": "2026-05-18", "location_note": "median of geocoded transactions, not the official centroid"}}, {"type": "Feature", "geometry": {"type": "Point", "coordinates": [3.11963, 43.617678]}, "properties": {"unit_id": "34335", "vintage": 2024, "median_price_m2": 1538.46, "annual_transactions": 9, "population": 421.0, "working_age_share": 0.47, "vacancy_rate": 6.58, "known_as_of": "2026-05-18", "location_note": "median of geocoded transactions, not the official centroid"}}, {"type": "Feature", "geometry": {"type": "Point", "coordinates": [3.280464, 43.315491]}, "properties": {"unit_id": "34336", "vintage": 2024, "median_price_m2": 2191.25, "annual_transactions": 78, "population": 4098.0, "working_age_share": 0.52, "vacancy_rate": 10.22, "known_as_of": "2026-05-18", "location_note": "median of geocoded transactions, not the official centroid"}}, {"type": "Feature", "geometry": {"type": "Point", "coordinates": [3.861278, 43.531606]}, "properties": {"unit_id": "34337", "vintage": 2024, "median_price_m2": 3902.27, "annual_transactions": 72, "population": 10405.0, "working_age_share": 0.6, "vacancy_rate": 4.35, "known_as_of": "2026-05-18", "location_note": "median of geocoded transactions, not the official centroid"}}, {"type": "Feature", "geometry": {"type": "Point", "coordinates": [2.915243, 43.3802095]}, "properties": {"unit_id": "34339", "vintage": 2024, "median_price_m2": 3419.01, "annual_transactions": 3, "population": 182.0, "working_age_share": 0.48, "vacancy_rate": 9.53, "known_as_of": "2026-05-18", "location_note": "median of geocoded transactions, not the official centroid"}}, {"type": "Feature", "geometry": {"type": "Point", "coordinates": [4.137067500000001, 43.7257365]}, "properties": {"unit_id": "34340", "vintage": 2024, "median_price_m2": 3787.91, "annual_transactions": 12, "population": 1628.0, "working_age_share": 0.59, "vacancy_rate": 4.28, "known_as_of": "2026-05-18", "location_note": "median of geocoded transactions, not the official centroid"}}, {"type": "Feature", "geometry": {"type": "Point", "coordinates": [3.60682, 43.500778]}, "properties": {"unit_id": "34341", "vintage": 2024, "median_price_m2": 2618.45, "annual_transactions": 36, "population": 3934.0, "working_age_share": 0.57, "vacancy_rate": 8.32, "known_as_of": "2026-05-18", "location_note": "median of geocoded transactions, not the official centroid"}}, {"type": "Feature", "geometry": {"type": "Point", "coordinates": [3.7196525, 43.74683]}, "properties": {"unit_id": "34342", "vintage": 2024, "median_price_m2": 4153.14, "annual_transactions": 2, "population": 215.0, "working_age_share": 0.55, "vacancy_rate": 5.83, "known_as_of": "2026-05-18", "location_note": "median of geocoded transactions, not the official centroid"}}, {"type": "Feature", "geometry": {"type": "Point", "coordinates": [3.7043765, 43.742763999999994]}, "properties": {"unit_id": "34343", "vintage": 2024, "median_price_m2": 3403.77, "annual_transactions": 5, "population": 1226.0, "working_age_share": 0.59, "vacancy_rate": 6.24, "known_as_of": "2026-05-18", "location_note": "median of geocoded transactions, not the official centroid"}}, {"type": "Feature", "geometry": {"type": "Point", "coordinates": [4.084854, 43.560723]}, "properties": {"unit_id": "34344", "vintage": 2024, "median_price_m2": 5429.05, "annual_transactions": 670, "population": 8573.0, "working_age_share": 0.4, "vacancy_rate": 0.89, "known_as_of": "2026-05-18", "location_note": "median of geocoded transactions, not the official centroid"}}]}